C,epsilon,gamma,MAE_cv0,MAE_cv1,MAE_cv2,MAE_cv3,MAE_cv4,MAE,MAE_std
0.03125,0.015625,3.0517578125e-05,0.7588273948911521,0.7263482811670555,0.7080648675796434,0.7594300368991884,0.7559656231889536,0.7417272407451986,0.023335614213809378
0.03125,0.015625,6.103515625e-05,0.7582580206918182,0.7257943416002663,0.7075931183081959,0.7587552725268796,0.7553241958756347,0.7411449898005589,0.023266919917099015
0.03125,0.015625,0.0001220703125,0.7571393483783274,0.7247063556762814,0.7066663693946504,0.7574306767748904,0.754063849039272,0.7400013198526845,0.023132250662160302
0.03125,0.015625,0.000244140625,0.7549803875349425,0.7226080000363347,0.7048720939795068,0.7548970401227779,0.751681206037107,0.7378077455421337,0.02288670976614279
0.03125,0.015625,0.00048828125,0.7509144342101408,0.7187539501250398,0.7015486953399994,0.7500889780528767,0.7473611881100035,0.7337334491676121,0.022408974827849346
0.03125,0.015625,0.0009765625,0.744156572410083,0.7124751900312215,0.6958860200567374,0.7423224313482036,0.7400803504311129,0.7269841128554717,0.021675268379051385
0.03125,0.015625,0.001953125,0.7347108561962051,0.7044302110416776,0.6878711068860864,0.7309493013459615,0.7298722317761435,0.7175667414492148,0.020486811704662176
0.03125,0.015625,0.00390625,0.7253429887567207,0.6960908547722497,0.6795786682980401,0.7207229070405379,0.7191181073906197,0.7081707052516336,0.019594119455088158
0.03125,0.015625,0.0078125,0.7232029102807596,0.6929638133015642,0.6772819984308355,0.7192087860314721,0.7163035005217094,0.7057922017132682,0.019818073510542773
0.03125,0.015625,0.015625,0.7345939529492386,0.701929620189716,0.687030548435381,0.7323605412659917,0.7285845399307175,0.7168998405542091,0.021242229102121046
0.03125,0.015625,0.03125,0.7501557168539942,0.7169416285985636,0.7007019524581215,0.7499821120300685,0.7463309346996658,0.7328224689280827,0.02270078275313103
0.03125,0.015625,0.0625,0.7576732639166992,0.724361864729085,0.7073564995411873,0.7576635901542308,0.7545388789323064,0.7403188194547017,0.02315905245766039
0.03125,0.015625,0.125,0.758972117494905,0.7259390821323222,0.7086113462855441,0.7591331513812695,0.7562032598938975,0.7417717914375876,0.02321543195809795
0.03125,0.015625,0.25,0.759073466458168,0.7261086309609228,0.7086956795053447,0.7592763208816111,0.7563542859467416,0.7419016767505576,0.023225444459597292
0.03125,0.015625,0.5,0.759079501730997,0.7261219375360124,0.7086968131516327,0.7592798975605259,0.7563616401870741,0.7419079580332484,0.023225706185139573
0.03125,0.015625,1.0,0.7590795914776906,0.7261221812710384,0.7086968137254896,0.7592799019607722,0.7563617320005578,0.7419080440871098,0.02322569626001266
0.03125,0.03125,3.0517578125e-05,0.7582495806194037,0.725615999798003,0.7081757605736602,0.7584630103386913,0.7556533092307611,0.7412315321121039,0.02308167213172017
0.03125,0.03125,6.103515625e-05,0.7577217795827269,0.7251056698550944,0.7076955544019501,0.7577955186791043,0.7550314726661217,0.7406699990369995,0.023020973640706315
0.03125,0.03125,0.0001220703125,0.7566714717686809,0.7241035469750903,0.7067549824138168,0.756485565883292,0.7538307944325581,0.7395692722946876,0.022901984135441922
0.03125,0.03125,0.000244140625,0.7544660186585495,0.7221804688107158,0.7049556501996419,0.7540038360893164,0.7515571019388868,0.737432615139422,0.02264743112306487
0.03125,0.03125,0.00048828125,0.7502225174625743,0.7187093603574266,0.7015545550915391,0.7495019995540706,0.747217670529577,0.7334412205990375,0.022153658056394944
0.03125,0.03125,0.0009765625,0.7442577568114807,0.7127335690877485,0.695720954472771,0.7417589999464128,0.7399793967718461,0.7268901354180518,0.021598451212298194
0.03125,0.03125,0.001953125,0.7351871649018624,0.7050230256862663,0.6878233113507807,0.7313011188330425,0.7297271521795894,0.7178123545903082,0.02054691487784792
0.03125,0.03125,0.00390625,0.7253668319336917,0.6967599322286717,0.6794495930702317,0.7210934327518516,0.7188341892240103,0.7083007958416914,0.019566789193998686
0.03125,0.03125,0.0078125,0.7227390505503526,0.6935398989484794,0.6773263889325187,0.7195176665275889,0.7159795185700029,0.7058205047057885,0.019620033827872564
0.03125,0.03125,0.015625,0.7338604332893736,0.7026870981502557,0.6870107321941995,0.7316519871512781,0.7288095412382338,0.7168039584046682,0.020871292388093245
0.03125,0.03125,0.03125,0.7504898575449216,0.7172627154163571,0.700720566477631,0.7493666322966227,0.7465526182278126,0.7328784779926691,0.022621811085231522
0.03125,0.03125,0.0625,0.7579988847195906,0.7245630089502957,0.7073857261266887,0.7573456706357733,0.7544242941324386,0.7403435169129574,0.023099209595663184
0.03125,0.03125,0.125,0.7592606293525108,0.726141579911989,0.7086703785205393,0.7588801390699321,0.7561018747121372,0.7418109203134217,0.023151164609336604
0.03125,0.03125,0.25,0.7593630650617242,0.7263032797267515,0.7087608303023748,0.7590232836528034,0.7562566381358005,0.7419414193758909,0.023161024462840386
0.03125,0.03125,0.5,0.7593691503896918,0.7263166677783542,0.7087620092207579,0.759026833854664,0.7562640625575361,0.7419477447602008,0.023161288956923487
0.03125,0.03125,1.0,0.7593692401705012,0.7263169116631951,0.708762009803921,0.759026838235282,0.7562641543861786,0.7419478308518157,0.023161279480516127
0.03125,0.0625,3.0517578125e-05,0.7588158375953715,0.7256020603431534,0.7081505952953614,0.7577956313495712,0.7561067950019768,0.7412941839170868,0.023148756830155905
0.03125,0.0625,6.103515625e-05,0.7582567609450109,0.7250811241662851,0.7076667773294014,0.7570922304089255,0.7555400348809299,0.7407273855461105,0.02308847678172193
0.03125,0.0625,0.0001220703125,0.7572357213268414,0.7240870164410227,0.70671624979746,0.7557303585482629,0.7544253192769725,0.7396389330781119,0.02298359922117832
0.03125,0.0625,0.000244140625,0.7553208842426855,0.7222482155780003,0.7049125501972058,0.7531108043660041,0.7522460889444074,0.7375677086656606,0.022766555282304892
0.03125,0.0625,0.00048828125,0.7521510497682156,0.7189717816322652,0.7016238519043041,0.748653208105358,0.7480752420282775,0.733895026687684,0.02245159665515472
0.03125,0.0625,0.0009765625,0.7457099248897436,0.713694343157784,0.6962571146978092,0.7412645778428575,0.7406957656587719,0.7275243452493932,0.02157489442846969
0.03125,0.0625,0.001953125,0.7352623842271722,0.7053324243873513,0.6882280759369371,0.7305104420337831,0.7299115343140652,0.7178489721798618,0.020267625700294774
0.03125,0.0625,0.00390625,0.7253240801252544,0.6961678348854557,0.6801885765324196,0.7201999154230687,0.719203369986071,0.7082167553904539,0.019285471731691758
0.03125,0.0625,0.0078125,0.7218772703471092,0.6932657284725618,0.6782831219751634,0.7186029715786008,0.7160868791462874,0.7056231943039446,0.018989107557448
0.03125,0.0625,0.015625,0.7343075146754982,0.702237047382543,0.6880468301110383,0.7319497153537865,0.7286074097956394,0.717029703463701,0.02070025616200987
0.03125,0.0625,0.03125,0.7500830960896652,0.716840848697159,0.7012584847305421,0.7481852767383622,0.7467868870338893,0.7326309186579236,0.022251201725741663
0.03125,0.0625,0.0625,0.7585433938526479,0.7246320482314219,0.7072644128117551,0.7559252915228845,0.7551216122932216,0.7402973517423861,0.02309483732263994
0.03125,0.0625,0.125,0.7605233321201493,0.7262090968228058,0.7083530208544482,0.7574679612559135,0.7568839353263366,0.7418874692759307,0.023373658795745864
0.03125,0.0625,0.25,0.7606620652738053,0.7263736202648128,0.7084304198410372,0.7576037533427771,0.7570506834655113,0.7420241084375887,0.023395354352085042
0.03125,0.0625,0.5,0.7606684763162241,0.7263869409577686,0.7084314945331682,0.757607103583623,0.7570581802229079,0.7420304391227385,0.023395779646641884
0.03125,0.0625,1.0,0.7606685661508933,0.726387184772439,0.7084314950980386,0.7576071078431251,0.7570582720332375,0.7420305251795467,0.02339577203115038
0.03125,0.125,3.0517578125e-05,0.7587866108123998,0.726912914563332,0.7079453662089477,0.7567561799437466,0.7578274825980404,0.7416457108252933,0.023112523553313655
0.03125,0.125,6.103515625e-05,0.7582587837788437,0.7263469847057009,0.7074824168660632,0.7561399160044008,0.7572326300419808,0.7410921462793979,0.023068797833308865
0.03125,0.125,0.0001220703125,0.7572213299388546,0.7252321238321617,0.7065725290921592,0.754937892023465,0.7560563537681242,0.7400040457309529,0.02298372911027603
0.03125,0.125,0.000244140625,0.7552175188722687,0.7230877219739111,0.7048152944247371,0.7527606181094784,0.75378101968682,0.7379324346134432,0.02284150432920052
0.03125,0.125,0.00048828125,0.751550928505884,0.719548783628369,0.701588098733319,0.7488454727503007,0.749648463612397,0.7342363494460539,0.02254100296717412
0.03125,0.125,0.0009765625,0.7455450347525348,0.7141812880764536,0.6961467879939633,0.7411629570458957,0.7426228290768665,0.7279317793891428,0.021797244418387797
0.03125,0.125,0.001953125,0.7361345508200131,0.7061770822585844,0.6883122424660002,0.7300692506149787,0.7322255237727586,0.718583729986467,0.020593293193977378
0.03125,0.125,0.00390625,0.7257810452708714,0.6970783371558682,0.6801619121246558,0.7201340501980735,0.7200473014640127,0.7086405292426964,0.019369619801260157
0.03125,0.125,0.0078125,0.7235232973418783,0.6930921817808378,0.6779805330486444,0.7196378503138672,0.7167822432014126,0.7062032211373279,0.01975354072459856
0.03125,0.125,0.015625,0.7354296703111897,0.7017750764457122,0.6872856517022463,0.7324057171666345,0.7302131448300537,0.7174218520911673,0.021595294982689348
0.03125,0.125,0.03125,0.7501801976203388,0.7168535927912489,0.7006434293859933,0.7486440120755348,0.747869971885897,0.7328382407518026,0.022740567634509816
0.03125,0.125,0.0625,0.7576159925548945,0.7254019455371318,0.7069159651311455,0.7562834780086574,0.7565305254633264,0.740549581339031,0.02321033972666924
0.03125,0.125,0.125,0.7590585450720125,0.7270958263189816,0.7080498749957698,0.757433250377807,0.7582680431004989,0.7419811079730139,0.023283964438487775
0.03125,0.125,0.25,0.7591745739369842,0.7272705767372813,0.708128857286042,0.7575427443351738,0.7584270128169918,0.7421087530224946,0.02329453113810858
0.03125,0.125,0.5,0.7591807108526005,0.727283906478085,0.7081299830287011,0.7575458291649421,0.7584369465468979,0.7421154752142453,0.02329537307690147
0.03125,0.125,1.0,0.7591808006280175,0.7272841502252868,0.70812998366013,0.7575458333333214,0.7584370383731067,0.7421155612439725,0.023295367265700702
0.03125,0.25,3.0517578125e-05,0.7561552805037317,0.7232679199753604,0.7074743583288714,0.7558710468703932,0.7553158866863536,0.7396168984729421,0.022828740854869353
0.03125,0.25,6.103515625e-05,0.7556498241620648,0.7227107825895942,0.7070408136439404,0.7552517142686832,0.754710434207047,0.7390727137742659,0.0227752846535039
0.03125,0.25,0.0001220703125,0.754629986308677,0.7216151964133608,0.7061880596010877,0.7541164719733098,0.7535352260305611,0.7380169880653994,0.022683144947618878
0.03125,0.25,0.000244140625,0.7527099661410399,0.7195142375180553,0.7045385826530375,0.7519280364796439,0.7512240000901274,0.7359829645763808,0.02250719434057877
0.03125,0.25,0.00048828125,0.7490681158658433,0.715858124085402,0.7014795669062398,0.7478592861757195,0.7469276678884214,0.7322385521843252,0.022121512518078233
0.03125,0.25,0.0009765625,0.7427982528369522,0.7103378164933087,0.6963360097635194,0.7414035659297348,0.7400630263198804,0.7261877342686791,0.02146101080546193
0.03125,0.25,0.001953125,0.7337128302591198,0.7015810797375237,0.6887729637419422,0.7315459841229379,0.7305895292583245,0.7172404774239696,0.020674859043382187
0.03125,0.25,0.00390625,0.7244897144740836,0.6930811745667809,0.6810180813144712,0.7221666897717457,0.7208305985994959,0.7083172517453155,0.01992060546178819
0.03125,0.25,0.0078125,0.7228175507259043,0.6895982754406073,0.6792894664326921,0.7203895720420191,0.7189686431738849,0.7062127015630215,0.02025042261250543
0.03125,0.25,0.015625,0.7338062020051853,0.699073789381384,0.6878512903417237,0.7309822210150503,0.7298501010283541,0.7163127207543394,0.021282096729819715
0.03125,0.25,0.03125,0.7483965684552764,0.7127928782325572,0.7004575056036647,0.7471089743634253,0.746854529917612,0.7311220913145071,0.022791305817835093
0.03125,0.25,0.0625,0.7549280049347847,0.7204613347596381,0.7066247706695861,0.7547081449303115,0.754035094136828,0.7381514698862297,0.022993144523850456
0.03125,0.25,0.125,0.7560691988839928,0.7225061985723156,0.7077080909851452,0.7561841011267596,0.7554140271157979,0.7395763233368022,0.0229436237363525
0.03125,0.25,0.25,0.7561710451441492,0.7226620084211738,0.7077780098258976,0.756303654472981,0.7555558339699974,0.7396941103668399,0.022954795692619538
0.03125,0.25,0.5,0.7561774443044995,0.7226748790243497,0.7077789373783689,0.7563065525084468,0.755563235321563,0.7397002097074457,0.022955037436261688
0.03125,0.25,1.0,0.7561775345109641,0.7226751224475094,0.7077789379084962,0.7563065563725375,0.7555617646802962,0.7396999831839608,0.022954754941040524
0.03125,0.5,3.0517578125e-05,0.756934267462111,0.7218362319730794,0.7070892644616896,0.756857387343859,0.7544237982692686,0.7394281899020015,0.023400806758097505
0.03125,0.5,6.103515625e-05,0.7563638895093857,0.7213091958004797,0.7066958530421684,0.7562925224394619,0.7538534211768927,0.7389029763936777,0.023332571160663142
0.03125,0.5,0.0001220703125,0.75525184486846,0.720301950484144,0.7059225842070057,0.7551839600333369,0.7527328093126566,0.7378786297811206,0.023195248495155234
0.03125,0.5,0.000244140625,0.7530426175537449,0.7186460470867204,0.7044585470042413,0.7530426538373212,0.7505832599518139,0.7359546250867682,0.022856000186550457
0.03125,0.5,0.00048828125,0.7488338238752703,0.7155330727423762,0.7017511958571874,0.7489324441748899,0.7469090058792109,0.732391908505787,0.022235926067398798
0.03125,0.5,0.0009765625,0.7421624159389002,0.7099204199514729,0.6972020543467857,0.7421985782435603,0.7410014839682137,0.7264969904897866,0.021420210771553552
0.03125,0.5,0.001953125,0.7345945628015159,0.7014447098727703,0.6907494099477157,0.733216673082896,0.7320293401354977,0.7184069391680791,0.02073398979263574
0.03125,0.5,0.00390625,0.726509393113088,0.6928934652949568,0.6845212727589084,0.7252056031556715,0.7237917126978074,0.7105842894040865,0.020211839774815537
0.03125,0.5,0.0078125,0.7256848035184867,0.6915342455790721,0.6832010238244346,0.7246014737906236,0.7219405397344257,0.7093924172894085,0.020366123919776036
0.03125,0.5,0.015625,0.7358549881520192,0.700210677283146,0.6911043265730934,0.7356241467227109,0.7325678713118857,0.7190724020085711,0.021654797653426035
0.03125,0.5,0.03125,0.7492659183991075,0.712889121530403,0.701564370411782,0.7492520532329608,0.7471519377606783,0.7320246802669864,0.023004764047660053
0.03125,0.5,0.0625,0.7559447880397944,0.720504580676509,0.7066120590312396,0.7556637972517797,0.7537543951546797,0.7384959240308004,0.023303910348783013
0.03125,0.5,0.125,0.7570228297908898,0.7219782147420596,0.7075363901852841,0.7568641024696178,0.754961328657661,0.7396725731691024,0.02332461524782025
0.03125,0.5,0.25,0.7571026076692328,0.7221231458517079,0.7075884042673384,0.7569642908950649,0.755085861616085,0.7397728620598858,0.02333294382047275
0.03125,0.5,0.5,0.7571081705614273,0.7221359697325452,0.7075890489818594,0.7569667857101003,0.7550930454427665,0.7397786040857397,0.023332967988295886
0.03125,0.5,1.0,0.7571082597783452,0.722136213133784,0.7075890493697474,0.7569667892156751,0.755093137229316,0.7397786897453735,0.023332954116279968
0.03125,1.0,3.0517578125e-05,0.7575092744195601,0.7313396755209276,0.7188283951393686,0.771142956914223,0.7587419635766666,0.7475124531141492,0.021614653410740772
0.03125,1.0,6.103515625e-05,0.7572763045643589,0.7311628029400993,0.7187052086662231,0.7709259429032284,0.7584996492832844,0.7473139816714388,0.021570896004991635
0.03125,1.0,0.0001220703125,0.7568188149943565,0.7308152122173921,0.7184628643989084,0.7705001163263968,0.7580238339765872,0.7469241683827281,0.021485321864607918
0.03125,1.0,0.000244140625,0.755957185472337,0.7301440812309533,0.718025058213152,0.7696804551055352,0.7570710752408203,0.7461755710525596,0.021309221041249656
0.03125,1.0,0.00048828125,0.7543472824188302,0.7291036810897766,0.7172616420086956,0.7680724167504014,0.7551559034999251,0.7447881851535257,0.020885016222909177
0.03125,1.0,0.0009765625,0.7516230524449334,0.7271566035410633,0.7161744267871246,0.7653334252579864,0.7521958974592687,0.7424966810980753,0.020168424500148347
0.03125,1.0,0.001953125,0.7486424962576135,0.7241067204981851,0.7143658612680561,0.7608432083291785,0.748247561961712,0.739241169662949,0.01926123462928771
0.03125,1.0,0.00390625,0.7453025536845197,0.7205755211174929,0.7119389069436955,0.7571677857405301,0.7443176781954678,0.7358604891363412,0.01884509127219458
0.03125,1.0,0.0078125,0.7453258123500477,0.7198632425163636,0.7113056034233026,0.7573577951117584,0.7441155368040903,0.7355935980411126,0.019224791788564687
0.03125,1.0,0.015625,0.7505892051714922,0.7239458402339513,0.7148586098649473,0.7627636972774787,0.7501394830698888,0.7404593671235518,0.020136389632795102
0.03125,1.0,0.03125,0.7560560325984897,0.7295711842398338,0.719148710024517,0.7698109303098648,0.7567041044669877,0.7462581923279386,0.021054847960275333
0.03125,1.0,0.0625,0.7582617816848221,0.7320929312972574,0.7207006107755694,0.772476102708838,0.7591129413540175,0.7485288735641009,0.02135868782957582
0.03125,1.0,0.125,0.7585665848155119,0.7325484152696837,0.7208690965478531,0.7729645167545711,0.7594982366514311,0.7488893700078102,0.021435786405558335
0.03125,1.0,0.25,0.7585613518576473,0.7326026686642687,0.7208734148676703,0.7730023657337615,0.7595443317141687,0.7489168265675032,0.021439791384840846
0.03125,1.0,0.5,0.7585578488282535,0.7326087828449355,0.7208734068864805,0.7730032460963681,0.7595477077791684,0.7489181984870411,0.021438902836558808
0.03125,1.0,1.0,0.7585577818821164,0.7326089051775024,0.7208734068627449,0.7730032475490134,0.7595477532553063,0.7489182189453366,0.021438878098121398
0.0625,0.015625,3.0517578125e-05,0.7582512358607361,0.7257876162556798,0.7075874557475225,0.7587468385042594,0.7553170174244571,0.741138032758531,0.02326613349348849
0.0625,0.015625,6.103515625e-05,0.7571124874620676,0.7246797371221014,0.7066439572046272,0.7573973097596415,0.7540354015551913,0.7399737786207259,0.02312914135154397
0.0625,0.015625,0.0001220703125,0.7548751428350863,0.7225037652741313,0.7047839756822681,0.754766817271095,0.7515719825957442,0.7377003367316649,0.022875116887512634
0.0625,0.015625,0.000244140625,0.7504849571090045,0.7183595472792906,0.7012137533038174,0.7496058376028683,0.7469576181165116,0.7333243426822985,0.022363335032498155
0.0625,0.015625,0.00048828125,0.7429166668122065,0.711162887062385,0.6946701465139432,0.7403569766875474,0.7386595511344816,0.7255532456421128,0.02152476668322106
0.0625,0.015625,0.0009765625,0.730305022951041,0.7010222119440387,0.6839869329824588,0.7255871994669565,0.7253762080218298,0.7132555150732649,0.019974802624000743
0.0625,0.015625,0.001953125,0.7144603887560238,0.6846965404179797,0.6691551265583728,0.7058378958227565,0.7060551357903802,0.6960410174691025,0.0186217810605042
0.0625,0.015625,0.00390625,0.696998675400291,0.6679110453096573,0.6536935632958834,0.6867021523466418,0.6855540550483641,0.6781718982801677,0.017220503745570978
0.0625,0.015625,0.0078125,0.6914376434598535,0.660736161538541,0.6499486314620758,0.6834375243950904,0.6793884612571144,0.6729896844225352,0.0171133562043562
0.0625,0.015625,0.015625,0.710857315253226,0.6766312744749128,0.6670597363713681,0.7074613749217781,0.7024792961288853,0.692897799430034,0.019739885735715966
0.0625,0.015625,0.03125,0.7407468226418825,0.7073215978665875,0.6932018013930481,0.7401466865556297,0.7365192253142827,0.723587226754286,0.021930280345844776
0.0625,0.015625,0.0625,0.7562919431339191,0.7227135485164328,0.7060587840061885,0.7556603950154094,0.7528413194877708,0.7387131980319441,0.02301153580713292
0.0625,0.015625,0.125,0.7590672653860917,0.725851555828821,0.7085056031643348,0.7586734616816089,0.7561663478446292,0.7416528467810972,0.023194964837277336
0.0625,0.015625,0.25,0.759263953501054,0.7261823493647148,0.7086780729936563,0.7589550204376969,0.7564711987980786,0.7419101190190401,0.023213363076389493
0.0625,0.015625,0.5,0.7592760284029593,0.7262090505302862,0.708680379328626,0.7589620317365257,0.7564859770200365,0.7419226934036868,0.0232138780340873
0.0625,0.015625,1.0,0.759276207932039,0.7262095381956715,0.7086803804855264,0.7589620404411523,0.7564861606631137,0.7419228655435006,0.023213859045606935
0.0625,0.03125,3.0517578125e-05,0.7577151390113613,0.7250994015567902,0.7076897564414378,0.7577870500891477,0.7550245106183853,0.7406631715434244,0.023020218888441482
0.0625,0.03125,6.103515625e-05,0.7566453060903477,0.7240787416709732,0.7067320676016733,0.7564520667699735,0.7538029688752972,0.739542230201653,0.02289897755640688
0.0625,0.03125,0.0001220703125,0.7543453492212665,0.7220882228561398,0.7048665869546287,0.7538757867195989,0.7514481895147944,0.7373248270532856,0.02263179878913934
0.0625,0.03125,0.000244140625,0.7498643992721681,0.718344541230707,0.7012034896509883,0.749018700958023,0.7468134458477504,0.7330489153919274,0.02212242418857968
0.0625,0.03125,0.00048828125,0.7431581422539077,0.7114338955064684,0.6945005227611644,0.7400137420988926,0.7386183026133584,0.7255449210467582,0.021525341787239312
0.0625,0.03125,0.0009765625,0.730369479893282,0.7013879748000712,0.6839625872138468,0.7259008197198826,0.7252618746929272,0.7133765472640019,0.019973639400095486
0.0625,0.03125,0.001953125,0.7142958386687306,0.6850305165646563,0.6691936868731002,0.7059620159373245,0.7059831745577543,0.6960930465203131,0.01852368720314132
0.0625,0.03125,0.00390625,0.6966201242333934,0.6690511396113479,0.6546895072774307,0.6866926002820326,0.6862625713566392,0.6786631885521687,0.016671851198199732
0.0625,0.03125,0.0078125,0.6908825725847282,0.6605316018260966,0.6504661850514402,0.6835531871320224,0.6800304682332984,0.6730928029655172,0.016909866584910314
0.0625,0.03125,0.015625,0.7109938840938606,0.6764769905489618,0.6674225961820811,0.7072007886092005,0.7026943289477234,0.6929577176763655,0.019663587948685037
0.0625,0.03125,0.03125,0.7405958512917947,0.7070482465929095,0.6936201838057643,0.7397793200452452,0.7366510213603341,0.7235389246192095,0.021758273056964816
0.0625,0.03125,0.0625,0.7565784773657979,0.7228466663788353,0.7060408137311291,0.7551428275957155,0.7528525519889591,0.7386922674120875,0.02295785048597828
0.0625,0.03125,0.125,0.7596983348368114,0.7260496320363456,0.7083859389783401,0.7582426184798272,0.7562255587795087,0.7417204166221666,0.023255906431939036
0.0625,0.03125,0.25,0.7599264552003199,0.7263830712222298,0.7085563012663653,0.7585182243393802,0.7565435168701722,0.7419855137796935,0.02328138641979536
0.0625,0.03125,0.5,0.75993879097576,0.7264097164498895,0.7085585772788225,0.7585251955476505,0.7565583247709873,0.741998121004622,0.023282036030134106
0.0625,0.03125,1.0,0.7599389705370809,0.7264102040453447,0.7085585784313715,0.7585252042483419,0.7565585083521893,0.7419982931228656,0.02328201883799927
0.0625,0.0625,3.0517578125e-05,0.758249812445645,0.725074708921601,0.7076609945122914,0.7570834195618874,0.7555336880431691,0.7407205246969187,0.023087735667264075
0.0625,0.0625,6.103515625e-05,0.7572119027805542,0.7240626489192971,0.7066933585803715,0.755696219737018,0.7544001678010757,0.7396128595636633,0.022981339591052977
0.0625,0.0625,0.0001220703125,0.7552320982061531,0.7221580425108833,0.7048269267100833,0.7529771603786963,0.7521425779850818,0.7374673611581796,0.02275563085021981
0.0625,0.0625,0.000244140625,0.7518207279994714,0.7186472127768435,0.7012951984336272,0.7482202503561093,0.7476616196541643,0.7335290018440432,0.022420061568255024
0.0625,0.0625,0.00048828125,0.7443627971415214,0.7125569629671473,0.6951695151211157,0.7395531225552399,0.7392735245769391,0.7261831844723927,0.021378331110798607
0.0625,0.0625,0.0009765625,0.7306264449386194,0.7012475065958381,0.6844078146352015,0.7253746121083497,0.725107108866207,0.7133526974288432,0.019782674609824552
0.0625,0.0625,0.001953125,0.7127326683034054,0.6856901507731905,0.6699450044205059,0.7047024774841006,0.7073555206674114,0.6960851643297227,0.017817005033484105
0.0625,0.0625,0.00390625,0.6959084595693734,0.6684299881792115,0.6549317426154982,0.6870946406128067,0.6876890495349443,0.6788107761023668,0.01671635373280761
0.0625,0.0625,0.0078125,0.6901668294248344,0.6613001338936314,0.6505450953471347,0.6836189675518083,0.6811249571073401,0.6733511966649497,0.016688097156002397
0.0625,0.0625,0.015625,0.7107546400918942,0.6773741492792696,0.6677790733401378,0.7072858975531658,0.7038293165563891,0.6934046153641713,0.019468127767808152
0.0625,0.0625,0.03125,0.7414948803624091,0.706612809714353,0.6942082696444172,0.7397592427613021,0.7369272392046916,0.7238004883374346,0.021858640418902595
0.0625,0.0625,0.0625,0.7565577743889972,0.7230931829433164,0.7062074366688291,0.7547614181575816,0.7536502011932171,0.7388540026703883,0.022910688561440015
0.0625,0.0625,0.125,0.7600343394123248,0.7264008482205921,0.7083467014771735,0.7575941917156606,0.757262306478278,0.7419276774608058,0.02333027055830952
0.0625,0.0625,0.25,0.7603184541360111,0.7267360357562066,0.7084949764411819,0.7578500409443412,0.7575902505814437,0.7421979515718368,0.02337319381819393
0.0625,0.0625,0.5,0.7603312366684758,0.7267627311615068,0.708497106654687,0.7578565741775098,0.7576052656753517,0.7422105828675062,0.023374056118292512
0.0625,0.0625,1.0,0.760331416265372,0.7267632187512272,0.7084971078431361,0.7578546130952142,0.7576054492952331,0.7422103610500365,0.023373712013926656
0.0625,0.125,3.0517578125e-05,0.7582526333895052,0.7263395659151033,0.7074770069276993,0.7561319677306305,0.7572259711712774,0.7410854290268432,0.023068348706694542
0.0625,0.125,6.103515625e-05,0.7571969793223934,0.7252027929408136,0.7065511082419302,0.7549065139000923,0.7560299659663147,0.7399774720743089,0.022981966965471005
0.0625,0.125,0.0001220703125,0.7551220716424148,0.7229730711937353,0.7047313326941222,0.7526522113767179,0.7536774134186015,0.7378312200651184,0.022836945435956334
0.0625,0.125,0.000244140625,0.7511832547193853,0.7192579635850458,0.7012793666344918,0.7483174978747714,0.749277400611845,0.7338630966851077,0.02248070133754655
0.0625,0.125,0.00048828125,0.7442867040248086,0.7132749857129569,0.6949286244420605,0.7394030699588112,0.7411826093332144,0.7266151986943703,0.02162187246214435
0.0625,0.125,0.0009765625,0.7313454792360596,0.7022841324151308,0.6847525088014139,0.7245643871866119,0.7274499003937883,0.714079281606601,0.019912418323573145
0.0625,0.125,0.001953125,0.7133131250619072,0.6858740679099864,0.6699595968102683,0.7071461079569445,0.7068176451641306,0.6966221085806474,0.018163861596855735
0.0625,0.125,0.00390625,0.6943336182861752,0.6662046594596656,0.6553901041171425,0.690959057653394,0.6867625988560312,0.6787300076744817,0.017023368457551896
0.0625,0.125,0.0078125,0.6904262910276223,0.6605745231094571,0.6501911106427177,0.6859696844547324,0.6843614206348247,0.6743046059738709,0.01779816099075268
0.0625,0.125,0.015625,0.711461624452323,0.6769441371212912,0.6670896167657939,0.7080620502102268,0.7059458165114623,0.6939006490122194,0.020373843206484877
0.0625,0.125,0.03125,0.7414884596995275,0.7056606817229184,0.6931048923730296,0.7396441377283784,0.7383780563256783,0.7236552455699063,0.022624973832557717
0.0625,0.125,0.0625,0.7559927243187068,0.7226359981028307,0.7055816390044942,0.7546997684608554,0.7541508424043071,0.7386121944582389,0.023176490669866233
0.0625,0.125,0.125,0.7588377390251041,0.7265555563133255,0.7079396892604175,0.7576130509741849,0.7575976023958922,0.7417087275937848,0.023285045775642246
0.0625,0.125,0.25,0.7590621964795999,0.7269264146394729,0.7081013783826444,0.7578738716879346,0.75791536482755,0.7419758452034404,0.02330624269683049
0.0625,0.125,0.5,0.7590744282490943,0.7269528914724925,0.7081035861472873,0.7578803838133944,0.7579302154749885,0.7419883010314515,0.02330705964915667
0.0625,0.125,1.0,0.7590746077919827,0.7269533786485197,0.7081035873440273,0.757880392156839,0.7579303991084918,0.7419884730099721,0.023307046374123508
0.0625,0.25,3.0517578125e-05,0.7556438943407967,0.7227044674017014,0.7070359715597035,0.7552440545251004,0.7547038423633412,0.7390664460381287,0.022774550558842466
0.0625,0.25,6.103515625e-05,0.7546063578647989,0.7215901926301688,0.706168882189842,0.7540908799424297,0.7535091037082117,0.7379930832670902,0.02268105727496338
0.0625,0.25,0.0001220703125,0.752621354723195,0.7194179851117697,0.7044633741041361,0.7518120461844175,0.7511152437217208,0.7358860007690478,0.02249565425624097
0.0625,0.25,0.000244140625,0.7486908785287046,0.7155911073720206,0.7011997145493726,0.7474637753141343,0.7465355341989641,0.7318962019926392,0.022061567252012537
0.0625,0.25,0.00048828125,0.741503507190941,0.709303197042816,0.6953256159548571,0.7399493447534531,0.7386888806899191,0.7249541091263972,0.02127311845014602
0.0625,0.25,0.0009765625,0.7292912812819458,0.6981742086374993,0.6854937455871256,0.7267839378489284,0.7262228087664356,0.7131931964243869,0.020040315349081426
0.0625,0.25,0.001953125,0.7137725525133678,0.68260987803284,0.6718240729424069,0.7094529161711292,0.7108316209597292,0.6976982081238947,0.019145318082171542
0.0625,0.25,0.00390625,0.7003404763558445,0.6666235924304764,0.659189853845721,0.6950221635307887,0.6948786199169686,0.6832109412159598,0.018849492374655306
0.0625,0.25,0.0078125,0.6963987134227709,0.660611775953305,0.656402213669655,0.6924884679916603,0.6896122257400172,0.6791026793554817,0.019013201650826768
0.0625,0.25,0.015625,0.7142890662410366,0.6774643235301467,0.6709895926637177,0.709556299689839,0.7087780108952171,0.6962154586039914,0.020312560356585442
0.0625,0.25,0.03125,0.7404371258712918,0.7041584004658882,0.6942590735012407,0.737954376761889,0.7372292852052742,0.7228076523611169,0.021857613326829874
0.0625,0.25,0.0625,0.7531397147435452,0.7189272584244011,0.7055567058598322,0.7531086490698032,0.7521674400136376,0.7365799536222439,0.02271812460938699
0.0625,0.25,0.125,0.7554606823449131,0.7223097311718077,0.7076227504396722,0.7558032178216016,0.7549699507586471,0.7392332665073283,0.02275503415106839
0.0625,0.25,0.25,0.7556664075511479,0.7226354694376363,0.7077613427862086,0.7560348109400918,0.7552573722046632,0.7394710805839495,0.022774975608609384
0.0625,0.25,0.5,0.7556790829300248,0.7226613758227085,0.7077631933859758,0.7560405152439734,0.7552721524643772,0.739483263969412,0.022775397472485154
0.0625,0.25,1.0,0.755679263308034,0.722661862542078,0.7077637514854416,0.7560405228757942,0.7552723361787747,0.7394835472780246,0.02277517857285117
0.0625,0.5,3.0517578125e-05,0.7563567702183397,0.7213029729273068,0.7066912740214184,0.756285362923012,0.7538466161463805,0.7388965992472913,0.023331568409468595
0.0625,0.5,6.103515625e-05,0.7552240443904933,0.7202799650817566,0.7059044511823761,0.755155633114218,0.7527058619616286,0.7378539911460945,0.023190855564375796
0.0625,0.5,0.0001220703125,0.7529249170304254,0.7185667613209092,0.7043883273856453,0.7529311457888685,0.7504889964355411,0.7358600295922779,0.02283727889692602
0.0625,0.5,0.000244140625,0.748396071897471,0.7152089982002287,0.701487572242911,0.7484906248443521,0.7465499154498189,0.7320266365269563,0.022166497031385776
0.0625,0.5,0.00048828125,0.7409141652132685,0.7086824035030176,0.6963701195615335,0.7407505212163584,0.7397323426850521,0.725289910435846,0.021236144088953187
0.0625,0.5,0.0009765625,0.7300156574499388,0.6973389317259648,0.6877957965214077,0.7281233617739938,0.7283028590247115,0.7143153212992034,0.020151282502638243
0.0625,0.5,0.001953125,0.7160508674604669,0.683685268738873,0.6762535168386603,0.7135730076299007,0.7131841010324478,0.7005493523400698,0.01900154191819371
0.0625,0.5,0.00390625,0.7024109747775509,0.6723117663232212,0.6657052472209166,0.7007025196308024,0.6983109805540715,0.6878882977013125,0.017453228994634282
0.0625,0.5,0.0078125,0.7012107715402436,0.6709540202677036,0.6637713489588177,0.6994344888903238,0.6964935720231089,0.6863728403360396,0.017619360800212997
0.0625,0.5,0.015625,0.7189692360969484,0.6838684593124124,0.6762313194776046,0.7164392766410891,0.7133290935688641,0.7017674770193836,0.020107855266116196
0.0625,0.5,0.03125,0.7428970154664805,0.7057613905730264,0.6963838832270943,0.7429095866672734,0.7398925971121579,0.7255688946092065,0.022639754484133433
0.0625,0.5,0.0625,0.7546461736580499,0.7183024698001788,0.7057414348048906,0.7546884372250602,0.7527606208581539,0.7372278272692666,0.023447288933778933
0.0625,0.5,0.125,0.7566287044999508,0.72116827500133,0.7074666907221128,0.757020473510151,0.7551519724753908,0.739487223241787,0.02349216880541693
0.0625,0.5,0.25,0.7567786642601498,0.7214624744091926,0.7075687395298355,0.7572236953874388,0.7554019956018667,0.7396871138376967,0.023507114601938727
0.0625,0.5,0.5,0.7567896616396623,0.7214881907275588,0.7075699992300913,0.7572287307270216,0.7554163686629887,0.7396985901974645,0.023507042116788855
0.0625,0.5,1.0,0.7567898400515549,0.7214886775408046,0.7075699999999993,0.7572287377450758,0.7554165522364096,0.7396987615147689,0.02350701199731041
0.0625,1.0,3.0517578125e-05,0.7572734507999045,0.7311607235908748,0.7187038491022668,0.7709231687304067,0.7584966722513727,0.7473115728949652,0.021570261419049965
0.0625,1.0,6.103515625e-05,0.7568075110895022,0.7308069784292183,0.7184574761559755,0.7704891407084176,0.7580120436646081,0.7469146300095442,0.021482814558757987
0.0625,1.0,0.0001220703125,0.755916096134141,0.7301140922268319,0.7180084433290983,0.7696374875547546,0.757018569931299,0.746138937835225,0.021297074070170126
0.0625,1.0,0.000244140625,0.7541715979111271,0.7289996020191771,0.7171971752498336,0.7678992328328536,0.7549825187863715,0.7446500253598725,0.020835913360628153
0.0625,1.0,0.00048828125,0.7512594990987571,0.7267181823625282,0.7159906033898938,0.7647025534409712,0.7516416131718952,0.742062490292809,0.020025659152695618
0.0625,1.0,0.0009765625,0.7468682512042985,0.7226326649173833,0.713462132727737,0.7588872366755262,0.7464883365929537,0.7376677244235796,0.018872495039053888
0.0625,1.0,0.001953125,0.7406701116858849,0.7162657872025168,0.7087880721799416,0.75290768861343,0.7388560569691527,0.7314975433301851,0.018333061180017235
0.0625,1.0,0.00390625,0.7349366254695694,0.7122158165992345,0.705621826643206,0.7482785035616879,0.7328468260050784,0.7267799196557553,0.01750218779262777
0.0625,1.0,0.0078125,0.7345540928886489,0.7115655957217283,0.7057197211112378,0.748036764381681,0.7328565978838626,0.7265465543974317,0.01749251664448364
0.0625,1.0,0.015625,0.7441150717977327,0.7183045732714812,0.7122264542031503,0.7566033466582003,0.7431916570217312,0.7348882205904592,0.018802935635828483
0.0625,1.0,0.03125,0.7547133247732899,0.727733569894655,0.7194569812237802,0.7680299931282311,0.754979029674813,0.7449825797389538,0.020462674521834763
0.0625,1.0,0.0625,0.7586365085262584,0.7324260077533593,0.7220000573927318,0.7728406796780914,0.7594191448455607,0.7490644796392003,0.02105630674566955
0.0625,1.0,0.125,0.7591696088836679,0.7332957974961782,0.7222879429467735,0.7737012500690656,0.7601283132313661,0.7497165825254102,0.021183723533139458
0.0625,1.0,0.25,0.7591712596618253,0.7334035234454777,0.7222964197459132,0.7737684568131642,0.7602182387098968,0.7497715796752554,0.02119041327518157
0.0625,1.0,0.5,0.7591667191005825,0.7334157636197512,0.7222964107158978,0.7737701690551868,0.7602249790512403,0.7497748083085316,0.021188865422835327
0.0625,1.0,1.0,0.7591666299277887,0.7334160083008501,0.7222964106753812,0.7737701719576595,0.7602250700026761,0.7497748581728712,0.0211888203637104
0.125,0.015625,3.0517578125e-05,0.7570989177999033,0.7246662864329282,0.7066326320832801,0.7573804417144013,0.7540210446528358,0.7399598645366698,0.02312757227013915
0.125,0.015625,6.103515625e-05,0.7548214210025667,0.7224505281657713,0.7047389822270297,0.7547002728689354,0.7515164080922514,0.7376455224713109,0.02286922447408504
0.125,0.015625,0.0001220703125,0.7502666696913202,0.7181539366928835,0.7010394470199659,0.7493533924972163,0.7467472122207992,0.7331121316244371,0.022340416554102897
0.125,0.015625,0.000244140625,0.7421784449143017,0.7104609980465396,0.694023925882411,0.739323413750864,0.7379260339428539,0.7247825633073941,0.021435979430670903
0.125,0.015625,0.00048828125,0.727950018594566,0.6989102723655328,0.6816757230914563,0.7224264251623468,0.7225910962505064,0.7107107070928815,0.019734969680679476
0.125,0.015625,0.0009765625,0.7080018065119371,0.6778646015408698,0.6629382409047287,0.6969497045090783,0.698498338261121,0.688850538345547,0.018149280800311512
0.125,0.015625,0.001953125,0.6794478969054476,0.6537181379350098,0.6405278240330308,0.6692233704447127,0.6657847176031273,0.6617403893842656,0.015001973753485772
0.125,0.015625,0.00390625,0.6523622739347507,0.6243124058295171,0.6172330354052591,0.6474443771312323,0.6400667443564648,0.6362837673314449,0.015030239385990497
0.125,0.015625,0.0078125,0.64434660594128,0.6105063910992261,0.6089219523452565,0.6398873482091356,0.6358892715973135,0.6279103138384423,0.01688726751307722
0.125,0.015625,0.015625,0.6743354915775472,0.6362750469853523,0.6337144945186787,0.665808067786589,0.666791205302603,0.6553848612341542,0.0189252747962968
0.125,0.015625,0.03125,0.7258697876416761,0.6882823094816091,0.6804758760427682,0.723081411077421,0.7201062193848741,0.7075631207256696,0.02144031960891597
0.125,0.015625,0.0625,0.7530836428646954,0.71896016386701,0.703679655972915,0.7522125911671919,0.7495807460978827,0.7355033599939389,0.02276435276615777
0.125,0.015625,0.125,0.7592147558403397,0.7260179191341916,0.7081210834245835,0.7578957529507498,0.7565484549390733,0.7415595932577876,0.0232535934226324
0.125,0.015625,0.25,0.7597013664249462,0.7267041409937611,0.7084378582863857,0.7584306488440649,0.7571877843276352,0.7420923597753587,0.02331475603042465
0.125,0.015625,0.5,0.7597263428268322,0.7267573870605952,0.7084422837315286,0.7584441947496962,0.7572175422923992,0.7421175501322103,0.023316286392825847
0.125,0.015625,1.0,0.7597267019946137,0.7267583621542595,0.7084422860891129,0.7584442119154873,0.7572179095615212,0.7421178943429989,0.02331625523275037
0.125,0.03125,3.0517578125e-05,0.7566320852506059,0.7240662050743649,0.7067204883536773,0.7564351295900602,0.7537886162503251,0.7395285049038066,0.022897411756274307
0.125,0.03125,6.103515625e-05,0.7542836530751761,0.7220410504942752,0.7048211078758664,0.753810327686129,0.7513926989558143,0.7372697676174522,0.022623820187940732
0.125,0.03125,0.0001220703125,0.7496800076862776,0.7181582114205317,0.7010204480056376,0.7487429167966344,0.7466036139418288,0.7328410395701821,0.022101835273710194
0.125,0.03125,0.000244140625,0.7424418233063459,0.7107458373752092,0.693845530395215,0.7390909753570664,0.7378773547685002,0.7248003042404673,0.021460322627494647
0.125,0.03125,0.00048828125,0.7280567459073928,0.6990485513961913,0.6817675013833967,0.7223743629018132,0.7228281430863566,0.7108150609350302,0.019732072674032916
0.125,0.03125,0.0009765625,0.7078250952546983,0.677973559273931,0.6635059195141931,0.6969090266305261,0.6984666746706552,0.6889360550688007,0.017875017014271903
0.125,0.03125,0.001953125,0.6782130989997394,0.6525878372689085,0.6407313251180307,0.6695451454618617,0.6662970518620915,0.6614748917421264,0.01481405666099375
0.125,0.03125,0.00390625,0.6519316335401705,0.6231512893233804,0.6166284924497174,0.6477945534231362,0.6407115077235048,0.6360434952919818,0.015455273811535625
0.125,0.03125,0.0078125,0.6439955874216472,0.6110952364906705,0.6087883949446065,0.6399041522743208,0.6359681791903325,0.6279503100643156,0.016702574581522325
0.125,0.03125,0.015625,0.6742732127862853,0.6375152227060223,0.634333488984973,0.666742494056232,0.6671839745705673,0.6560096786208159,0.018611266709105734
0.125,0.03125,0.03125,0.7264115166705456,0.6881582013346592,0.6804679742548149,0.7229232761723475,0.7207766766193366,0.7077475290103408,0.021658268000739327
0.125,0.03125,0.0625,0.7531780478002132,0.7190146209920119,0.7036359906748288,0.7520207347556971,0.7497993584099097,0.7355297505265321,0.022787047240001523
0.125,0.03125,0.125,0.7593256032928302,0.7261112528848475,0.7080734453268898,0.7576537506618661,0.7568203685479834,0.7415968841428834,0.023278265872096065
0.125,0.03125,0.25,0.759800652036248,0.7268028770741545,0.7083852442640809,0.7581758731741781,0.7574675462530572,0.7421264385603438,0.023337692087126986
0.125,0.03125,0.5,0.7598254600378037,0.7268563353776393,0.7083896218203494,0.7581891986053871,0.7574973324049186,0.7421515896492196,0.0233392249827274
0.125,0.03125,1.0,0.7598258191764513,0.7268573105183272,0.7083896241830042,0.7581892156862264,0.75749769967201,0.7421519338472039,0.023339195663084365
0.125,0.0625,3.0517578125e-05,0.7571998685566264,0.7240503336694416,0.7066817929461513,0.7556789644875634,0.7543874741255538,0.7395996867570672,0.02298019985421105
0.125,0.0625,6.103515625e-05,0.7551904739183848,0.7221120725283341,0.704783217532837,0.7529088655368489,0.7520904558029677,0.7374170170638745,0.022750874385210836
0.125,0.0625,0.0001220703125,0.7516665567329736,0.7184777834599508,0.7011239514593823,0.7479943061312911,0.7474465662041164,0.733341832797543,0.022407397367870646
0.125,0.0625,0.000244140625,0.7436001806478736,0.711811883604059,0.69457880416354,0.7386363622762849,0.7385260546883907,0.7254306570760297,0.02129154464983941
0.125,0.0625,0.00048828125,0.7282289378874911,0.6989189315584091,0.6823761142921452,0.7223597076312454,0.7226771456652357,0.7109121674069053,0.01954146529799021
0.125,0.0625,0.0009765625,0.7067091965474097,0.6792827231100685,0.664439727982235,0.6968045374802945,0.6998248729252158,0.6894122116090448,0.017237221072233674
0.125,0.0625,0.001953125,0.6770734248332211,0.6512041721310928,0.6411492208171098,0.6681108081749333,0.6665384858772019,0.6608152223667118,0.014399951115526216
0.125,0.0625,0.00390625,0.649400370083663,0.6213433504845123,0.6162982055625668,0.6468008510698217,0.6417658215590873,0.6351217197519302,0.015236421812279362
0.125,0.0625,0.0078125,0.6423252674128367,0.6114930238682199,0.6095463393561971,0.6405629107387885,0.6361683216237631,0.628019172599961,0.016146032833626162
0.125,0.0625,0.015625,0.6747361836066699,0.6397054981155699,0.6354751744339947,0.6680804542559304,0.6677534800539242,0.6571501580932179,0.01813347169277119
0.125,0.0625,0.03125,0.7267895036668861,0.6877071503364136,0.6805034373852343,0.722745465762022,0.7217298662393219,0.7078950846779756,0.021947602958576316
0.125,0.0625,0.0625,0.7531687732077856,0.7187249103401201,0.7034379039894408,0.751666432518248,0.7501273761883736,0.7354250792487937,0.022895702595050155
0.125,0.0625,0.125,0.7590453355860306,0.7260768669036513,0.7079415905584625,0.757242438296964,0.7570912321368215,0.7414794926963861,0.023252889389871852
0.125,0.0625,0.25,0.7595282833613036,0.7267902267923108,0.7082530866873874,0.757739413360388,0.7577499981889546,0.7420122016780689,0.023308919474253727
0.125,0.0625,0.5,0.7595531087557126,0.7268434616717767,0.708257350660509,0.7577522241770737,0.7577799467743151,0.7420372184078775,0.02331057177660067
0.125,0.0625,1.0,0.7595534678757911,0.726844436496924,0.7082573529411742,0.757752240896311,0.7577803140687788,0.7420375624557958,0.0233105443993323
0.125,0.125,3.0517578125e-05,0.7571846785437165,0.7251879553596183,0.7065402883652024,0.7548906475716809,0.7560166482249081,0.7399640436130253,0.02298107964673861
0.125,0.125,6.103515625e-05,0.7550733704094927,0.7229144094110391,0.7046884909936642,0.7525967698249647,0.7536246378149823,0.7377795356908285,0.022834642686338263
0.125,0.125,0.0001220703125,0.7509925340469719,0.7191063337138398,0.7011185940970125,0.7480407799989561,0.749084789270133,0.7336686062253828,0.02244938542628815
0.125,0.125,0.000244140625,0.7436057353913266,0.7127831085415637,0.6942665553514813,0.7384056478762302,0.7404213878001384,0.7258964869921479,0.02152604584190464
0.125,0.125,0.00048828125,0.7289716363989122,0.6998645405696133,0.6829250496373903,0.7214355702258712,0.7248509785764379,0.711609555081645,0.019583628085212686
0.125,0.125,0.0009765625,0.7051498086019261,0.6794080527385384,0.6640007776705453,0.6990315800843514,0.6980621118889792,0.689130466196868,0.01703270567876342
0.125,0.125,0.001953125,0.6748133497520565,0.6480032249303724,0.6391411790898047,0.6684146901044288,0.6689785706877234,0.6598702029128771,0.015409297984013415
0.125,0.125,0.00390625,0.6484451731579801,0.6227934383085676,0.6186945882141119,0.6456550722149537,0.6443434991636159,0.6359863542118458,0.014067749912942986
0.125,0.125,0.0078125,0.6432112964934212,0.6133055710740127,0.6137328159922373,0.640093187206529,0.6376803168944899,0.629604637532138,0.014815040718178884
0.125,0.125,0.015625,0.6752615212679045,0.6398687132478698,0.6374949426268033,0.6689454785715492,0.6701052282028241,0.6583351767833902,0.018117252739243153
0.125,0.125,0.03125,0.7261858620842634,0.6869938242327325,0.6810533237368963,0.723279303449487,0.7218768485830155,0.7078778324172789,0.021932041501236302
0.125,0.125,0.0625,0.7526419841363151,0.7170250800528347,0.7031445540954753,0.7510037671105526,0.7500163065185917,0.734766338382754,0.023078365516113416
0.125,0.125,0.125,0.7577346166967074,0.7247994889183866,0.7077425796572576,0.7567128802006273,0.7561045454693611,0.740618822188468,0.023037335884170135
0.125,0.125,0.25,0.7581657272306035,0.725550774765132,0.7080746746432853,0.7572018527149043,0.756693820736255,0.7411373700180361,0.023054931628865037
0.125,0.125,0.5,0.7581900399922363,0.7256037862314141,0.7080790386265092,0.7572139674800072,0.7567232643933575,0.7411620193447048,0.023055981351828275
0.125,0.125,1.0,0.7581903990573551,0.7256047604376902,0.7080790408926707,0.7572139834880853,0.7567236316580523,0.7411623631067707,0.023055947246080996
0.125,0.25,3.0517578125e-05,0.7545944241392487,0.7215775622543834,0.706159198021368,0.7540779575170626,0.7534959200207999,0.7379810123905726,0.02268000494504648
0.125,0.25,6.103515625e-05,0.7525761748270591,0.7193688828048657,0.7044250192816447,0.7517528141650355,0.7510598311497799,0.735836544445677,0.022489770553558667
0.125,0.25,0.0001220703125,0.7484946906937632,0.7154519869279247,0.7010541666127617,0.7472396636403797,0.7463341463295489,0.7317149308408756,0.022027624352665802
0.125,0.25,0.000244140625,0.7407980715954835,0.7087505562998968,0.6947623798195444,0.739159433833959,0.7379601769817341,0.7242861237061236,0.021176902617933077
0.125,0.25,0.00048828125,0.7268001454926709,0.6962158070447036,0.6834635657970591,0.7240981897959347,0.7239953662439735,0.7109146148748684,0.01979190386363361
0.125,0.25,0.0009765625,0.7086005890593743,0.6762749993791223,0.6659555625485551,0.7017780540439007,0.7046485496646284,0.6914515509391161,0.019073935694090105
0.125,0.25,0.001953125,0.6812184047128595,0.6499122500843447,0.6458654052477835,0.6756938375359047,0.675334685830135,0.6656049166822056,0.016402315665546122
0.125,0.25,0.00390625,0.6568724076670875,0.6247805074095725,0.625607261352068,0.6530421942538938,0.6492479881378923,0.6419100717641028,0.015498744028282824
0.125,0.25,0.0078125,0.6523797849396172,0.6196492811666641,0.6181912454786589,0.6486940304369825,0.642770394630841,0.6363369473305527,0.016272707851728536
0.125,0.25,0.015625,0.6794100854443914,0.643826481859773,0.6419301976326771,0.6763956041518109,0.6722157888856539,0.6627556315948613,0.018336614121435366
0.125,0.25,0.03125,0.7252872586188441,0.6878701570127741,0.6822199946672156,0.7219407359543393,0.721073620014953,0.7076783532536253,0.020817150022879455
0.125,0.25,0.0625,0.750513146457605,0.7156547692160719,0.7034408422960541,0.7495284244842915,0.7481646041501749,0.7334603573208394,0.02226772060971988
0.125,0.25,0.125,0.7551358428309026,0.7218367587926218,0.7075044139875016,0.7551738410086846,0.7537882859202489,0.7386878285079919,0.0225095173710369
0.125,0.25,0.25,0.7555184269487307,0.7224322601617462,0.7077818377673544,0.7556325736205263,0.7543447722153884,0.7391419741427491,0.022549533485699505
0.125,0.25,0.5,0.7555428653569234,0.7224832658351867,0.7077854963027682,0.7556433913448369,0.7543741129372654,0.7391658263553962,0.02255018001545313
0.125,0.25,1.0,0.7555432249569447,0.7224842390473168,0.707785498366011,0.7556434056955673,0.7543744802633511,0.7391661696658383,0.022550129150443594
0.125,0.5,3.0517578125e-05,0.7552099995226437,0.7202688571386744,0.705895293140876,0.7551413140813181,0.7526922519006041,0.7378415431568233,0.02318863452608773
0.125,0.5,6.103515625e-05,0.752866302815732,0.7185262620502864,0.704352493431317,0.7528725494126887,0.7504381374727341,0.7358111490365515,0.022827246738028207
0.125,0.5,0.0001220703125,0.7481677589411269,0.715039939296102,0.7013502965010887,0.748259943612469,0.7463718173867153,0.7318379511475005,0.02213169681110244
0.125,0.5,0.000244140625,0.7402700996952026,0.7080241674543146,0.6959195422916464,0.7399483472261997,0.7390187942854176,0.7246361901905563,0.021132591807280596
0.125,0.5,0.00048828125,0.7272886586048758,0.6952214442080499,0.6862253562057561,0.7256392488605274,0.7261402899218893,0.7121029995602197,0.019783320898724494
0.125,0.5,0.0009765625,0.709837108592736,0.678452517653433,0.671213326442631,0.7057387667588192,0.7064105565734643,0.6943304552042167,0.018048859132755266
0.125,0.5,0.001953125,0.6871406051731138,0.6596855521530945,0.6543719918866473,0.6837934365884158,0.6804799063476605,0.6730942984297864,0.014971946548375215
0.125,0.5,0.00390625,0.6678523030805121,0.6409141380359207,0.6396830893571718,0.6658192770033775,0.6614358123766947,0.6551409239707354,0.013752982325490475
0.125,0.5,0.0078125,0.6654774580304523,0.6359562180553798,0.6349349402729311,0.6637906054106271,0.6580892313752749,0.651649690628933,0.01504779559396498
0.125,0.5,0.015625,0.690692698024268,0.657170159830427,0.6535252582528506,0.690707187597664,0.68659761385235,0.675738583511512,0.0187338021110184
0.125,0.5,0.03125,0.7311042575488005,0.6935989958254961,0.6863375707916665,0.729727358800107,0.7267508853578234,0.7135038136647787,0.02169487540393608
0.125,0.5,0.0625,0.7523179864017693,0.7154810196011692,0.704157973759821,0.7519111417211496,0.7495072662153253,0.734675077539847,0.02306541483342138
0.125,0.5,0.125,0.7562582852388757,0.7207661821319898,0.7074180808147363,0.7565034038333516,0.7544065209805315,0.739070494599897,0.023299374078977735
0.125,0.5,0.25,0.7565592352365171,0.7213354796778637,0.7076128374464894,0.7569099601995196,0.7549142050641412,0.7394663435249063,0.02333697286077831
0.125,0.5,0.5,0.7565813365542744,0.7213868627141138,0.7076152762543163,0.7569202175313953,0.7549430499918961,0.7394893486091991,0.02333690539568722
0.125,0.5,1.0,0.7565816934084317,0.7213878363373525,0.7076152777777761,0.7569202317290107,0.7549434172646025,0.7394896913034347,0.02333684486164258
0.125,1.0,3.0517578125e-05,0.7568018035605932,0.7308028197307693,0.7184547570280627,0.770483592362774,0.7580060896007844,0.7469098124565968,0.02148154642732835
0.125,1.0,6.103515625e-05,0.7558951377868035,0.7300989965278852,0.7180000073623924,0.7696155363187961,0.7569915402260594,0.7461202436443873,0.021290787153376286
0.125,1.0,0.0001220703125,0.7540802386435672,0.7289455533184026,0.7171639454817259,0.7678089068639062,0.7548925904771001,0.7445782469569404,0.0208102265950423
0.125,1.0,0.000244140625,0.7510765319692676,0.7264785598736032,0.715894048527774,0.7643388572840015,0.7513378438834933,0.741825168307628,0.01994295791125822
0.125,1.0,0.00048828125,0.7458894365713791,0.7217172839893448,0.7129193070409809,0.7578894670882955,0.7452882188221235,0.7367407427024248,0.01868951309792549
0.125,1.0,0.0009765625,0.737590767076647,0.7137601335337286,0.7073990622276171,0.750359850278707,0.735588496645859,0.7289396619525117,0.01783457744174744
0.125,1.0,0.001953125,0.7273024803671755,0.7055268569472639,0.7019154549215995,0.739907169429096,0.7248949355508302,0.719909379443193,0.01589074878922939
0.125,1.0,0.00390625,0.7200428065968051,0.6984421836752996,0.6983945203609824,0.73193355086094,0.7179189083111747,0.7133463939610404,0.014636651253666186
0.125,1.0,0.0078125,0.7212055154108181,0.6984983173716566,0.6991410993098583,0.734417855838982,0.7202559711707296,0.7147037518204089,0.01554475977292445
0.125,1.0,0.015625,0.7350126171250788,0.7102165822696078,0.7073455634705519,0.747323132021627,0.7347897766068636,0.7269375342987459,0.017362839803227822
0.125,1.0,0.03125,0.7523723181940971,0.7252445245018005,0.7201987461931023,0.7661079643475058,0.7529311707209855,0.7433709447914982,0.019716190058226214
0.125,1.0,0.0625,0.7598990278416603,0.7323580831092,0.7251883336076422,0.7745479486250462,0.7602819673750015,0.75045507211171,0.020809444698391976
0.125,1.0,0.125,0.7610368530624447,0.7338214420644853,0.7257123558053177,0.7761783496606229,0.7615214065057505,0.7516540814197242,0.021082080038693347
0.125,1.0,0.25,0.7611048796075004,0.7340184454780816,0.7257261466528899,0.7763524287546629,0.761692313446626,0.7517788427879522,0.02111449548908063
0.125,1.0,0.5,0.7611052352799568,0.7340422468706931,0.7257261278084587,0.7763581390450291,0.7617048186859461,0.7517873135380169,0.02111266700764293
0.125,1.0,1.0,0.761105222477577,0.7340427349900707,0.7257261277361622,0.776358149693398,0.7617050005859484,0.7517874470966313,0.02111258751263723
0.25,0.015625,3.0517578125e-05,0.7547942816782381,0.7224236112216718,0.704716246046576,0.7546666323494972,0.7514884650527944,0.7376178472697555,0.022866269817688332
0.25,0.015625,6.103515625e-05,0.7501655562014594,0.7180502186574684,0.7009504753002134,0.7492243432724912,0.7466398304257111,0.7330060847714688,0.022330463603118314
0.25,0.015625,0.0001220703125,0.7417958997728895,0.7100954885743992,0.6936903530907543,0.7387835589307634,0.7375532512589258,0.7243837103255466,0.02139048999410609
0.25,0.015625,0.000244140625,0.7268375734331949,0.6975389773997849,0.680448133946443,0.7207317801277653,0.7211955249788099,0.7093503979771996,0.019688160915448654
0.25,0.015625,0.00048828125,0.7045282196661036,0.6742694192795387,0.6602934859527088,0.6925098234226654,0.6945200491827732,0.685224199500758,0.01770371443720403
0.25,0.015625,0.0009765625,0.6685711968961773,0.6447277033029409,0.6332706189029901,0.661083411285721,0.6552151536357096,0.6525736168047078,0.013869760041115788
0.25,0.015625,0.001953125,0.6287846709325109,0.6072943340189533,0.6009380682806351,0.6301236243522159,0.6240905807150285,0.6182462556598688,0.01328348746420146
0.25,0.015625,0.00390625,0.6003775513339866,0.5770350662944176,0.5788543858147552,0.6114518514706268,0.5982483901652983,0.5931934490158169,0.014809077300761473
0.25,0.015625,0.0078125,0.5963746554776062,0.5709772039020156,0.5693815278548593,0.6051420165257442,0.5969740175938216,0.5877698842708095,0.01643681008043026
0.25,0.015625,0.015625,0.6304316496177488,0.5936053002659805,0.5943719024790187,0.6248982175178693,0.6270764405576139,0.6140767020876463,0.018445460995640563
0.25,0.015625,0.03125,0.7011419645459799,0.658515520321339,0.6599774483216152,0.6946540876603293,0.6959328948149858,0.6820443831328499,0.020959305916540216
0.25,0.015625,0.0625,0.7473431787442579,0.7101880987493993,0.6989414422097926,0.7455243865594336,0.7431918159940991,0.7290377844513966,0.022739462315463345
0.25,0.015625,0.125,0.7573776950479055,0.7241937103749481,0.707569798248869,0.7564547127816468,0.755391078356397,0.7401973989619532,0.022972750686718082
0.25,0.015625,0.25,0.7582755349071175,0.7256600071595252,0.7082152241990778,0.757469181124891,0.7566197887075002,0.7412479472196224,0.02304075382915247
0.25,0.015625,0.5,0.7583249260573276,0.7257665524114825,0.7082239170289433,0.7574945415089177,0.7566790248080102,0.7412977923629362,0.02304311676136752
0.25,0.015625,1.0,0.75832564466159,0.7257685017587815,0.7082239215840964,0.7574945742879544,0.756680028608959,0.7412985341802762,0.023043092689415845
0.25,0.03125,3.0517578125e-05,0.7542524592919394,0.7220169088416245,0.7047981266548093,0.7537772295014928,0.7513646912292253,0.7372418831038183,0.022619837896728494
0.25,0.03125,6.103515625e-05,0.7495955896283395,0.718058938393115,0.700926977815472,0.7486019432007714,0.7464967033157667,0.7327360304706929,0.022093895659062272
0.25,0.03125,0.0001220703125,0.7420068082020754,0.7103905137927428,0.6935262671126036,0.738608712798971,0.7374788470364277,0.7244022297885641,0.021403250428407114
0.25,0.03125,0.000244140625,0.7266815080585707,0.6976506214069123,0.6805859164562411,0.7205758471751352,0.721566212302741,0.70941202107992,0.01962055929321588
0.25,0.03125,0.00048828125,0.7044020728412395,0.6748177007180517,0.6607815336792554,0.6915755891349463,0.6941597967176082,0.6851473386182203,0.017274876737406852
0.25,0.03125,0.0009765625,0.6676220334485835,0.6437860577920413,0.6330916284769538,0.6617105597170253,0.6561358824755108,0.652469232382023,0.013958356708844252
0.25,0.03125,0.001953125,0.6282761475967287,0.6066475100877455,0.6014249349029611,0.6302138483898287,0.6244176310421872,0.6181960144038903,0.013222925092990705
0.25,0.03125,0.00390625,0.5999087443759508,0.5768103637575803,0.5782942036294582,0.6117247755602768,0.5988223670965396,0.5931120908839611,0.015087659476905393
0.25,0.03125,0.0078125,0.5961104913727127,0.5705456396436792,0.5695246318833461,0.606137530011189,0.5976500100351583,0.5879936605892171,0.01683646697236248
0.25,0.03125,0.015625,0.630628578625157,0.5938193928983333,0.5952016297706011,0.6251606789033461,0.6271071909080642,0.6143834942211003,0.01825355527946795
0.25,0.03125,0.03125,0.700822984970643,0.6586272306127126,0.6599265684709502,0.6944677408879019,0.6956553012234459,0.6818999652331307,0.020794766595720736
0.25,0.03125,0.0625,0.7472307579000934,0.7100215860437353,0.6989966257344113,0.7454218454670938,0.7433721563619631,0.7290085943014594,0.02274301384467263
0.25,0.03125,0.125,0.7571232525840802,0.7239638000285546,0.707528473506023,0.7562511452658678,0.7552663179061717,0.7400265978581394,0.022923362368257583
0.25,0.03125,0.25,0.7580118626182009,0.7254121345922889,0.708166899002271,0.7572579944473353,0.7564873688986001,0.7410672519117393,0.0229921503104281
0.25,0.03125,0.5,0.7580618332203871,0.7255183540826643,0.7081754912366156,0.757283131335405,0.7565465576611514,0.7411170735072445,0.02299458185570366
0.25,0.03125,1.0,0.7580625527058658,0.7255203031094855,0.7081754957664841,0.7572831639272417,0.7565472922223835,0.741117761546292,0.022994511208435386
0.25,0.0625,3.0517578125e-05,0.7551694356961638,0.7220888455029123,0.7047611350554275,0.7528743469338075,0.7520644141262883,0.7373916354629197,0.022748515922646217
0.25,0.0625,6.103515625e-05,0.75158459303204,0.7183912061851285,0.7010365331048898,0.7478788749922962,0.7473370215530183,0.7332456457734746,0.022400315676708336
0.25,0.0625,0.0001220703125,0.7431891121837287,0.7114552603381525,0.6942710750858803,0.7381655326951688,0.738125517579749,0.7250412995765358,0.02123777610489061
0.25,0.0625,0.000244140625,0.7268149725925038,0.6976972015165314,0.681276490571109,0.7206198918451696,0.7214901202095672,0.7095797353469762,0.019384684683169236
0.25,0.0625,0.00048828125,0.7041927294521283,0.6761359122799999,0.6615463913854207,0.6921738386265075,0.6954857501468595,0.6859069243781831,0.01698754712737494
0.25,0.0625,0.0009765625,0.6668567121078245,0.6416533341496989,0.6322019559496544,0.6605783117878017,0.6574081154778156,0.6517396858945591,0.01433731378322537
0.25,0.0625,0.001953125,0.6279200252240098,0.6037202155971924,0.6010095222619232,0.6296605948751861,0.6247240505418054,0.6174068817000233,0.013878210067826444
0.25,0.0625,0.00390625,0.5995496242976343,0.575191006595597,0.576460441387326,0.6125604678366867,0.5997223409288953,0.5926967762092279,0.016286166444549006
0.25,0.0625,0.0078125,0.5958952313888766,0.5688824241228424,0.5697445423988564,0.607647197839633,0.5982784377537732,0.5880895667007964,0.01769672761394279
0.25,0.0625,0.015625,0.6305090058958935,0.5945136117568223,0.5971203493565144,0.6261116620123502,0.6267176997205808,0.6149944657484322,0.017611620031536507
0.25,0.0625,0.03125,0.7003208802481407,0.6586778743180968,0.6597807247162517,0.6940569773711375,0.6953425449262879,0.6816358003159829,0.020591280890908226
0.25,0.0625,0.0625,0.7468782539123592,0.7096047342905065,0.6991250289679558,0.745290460292754,0.7434546396501929,0.7288706234227537,0.02270767602340199
0.25,0.0625,0.125,0.7566453480210436,0.7233324589055703,0.707403669170999,0.7560261316681627,0.7551175217710153,0.7397050259073581,0.022925622306469703
0.25,0.0625,0.25,0.7575424678120775,0.7247692671743805,0.7080256671757615,0.7569945368791291,0.7563271680541187,0.7407318214190936,0.022993391693890246
0.25,0.0625,0.5,0.7575929983372771,0.7248749919304812,0.7080341308432796,0.7570182502910923,0.7563864504694391,0.7407813643743139,0.022995544139427428
0.25,0.0625,1.0,0.7575937183854549,0.7248769405798585,0.7080341354031472,0.7570182814301272,0.7563871851294213,0.7407820521856018,0.02299546728962071
0.25,0.125,3.0517578125e-05,0.7550487688521387,0.7228847342486486,0.7046668512402088,0.7525687337650111,0.7535980023321691,0.7377534180876353,0.022833485560808497
0.25,0.125,6.103515625e-05,0.7508952635242208,0.7190288987140403,0.7010365412246102,0.7478991015957004,0.7489866593102916,0.7335692928737726,0.02243340621156084
0.25,0.125,0.0001220703125,0.7432511534705385,0.7125266980458596,0.693931247765597,0.7378660517186328,0.7400184095274699,0.7255187121056196,0.02146915130114478
0.25,0.125,0.000244140625,0.727598081851514,0.6985355126971744,0.6819137110882306,0.7198883545067298,0.7235522196950446,0.7102975759677387,0.01943557328094064
0.25,0.125,0.00048828125,0.7009731755326265,0.6749293759865285,0.6609834320963996,0.6944557848366298,0.6930983793803035,0.6848880295664976,0.01649460720250049
0.25,0.125,0.0009765625,0.6628505449869734,0.6356417105464216,0.6302242297656913,0.6591465892184492,0.6584600446427891,0.649264623832065,0.015123711763339867
0.25,0.125,0.001953125,0.6240240745042287,0.5993881525698682,0.6020313191812044,0.6308899643627272,0.6250830108138462,0.616283304286375,0.014485113980248097
0.25,0.125,0.00390625,0.603708205494388,0.573696406625348,0.5760617966611714,0.612118030461971,0.6002432492641318,0.593165537701402,0.017262849195785444
0.25,0.125,0.0078125,0.5981494954102401,0.5685887744818096,0.5705127387133564,0.6059181345775374,0.5964744331461487,0.5879287152658185,0.017164370049819227
0.25,0.125,0.015625,0.6315374004149272,0.5961984476620368,0.6002212425355098,0.6284453308031226,0.6260817242908436,0.616496829141288,0.01686545805238963
0.25,0.125,0.03125,0.7004739746819353,0.6598273694873201,0.6600074084925075,0.6944442333234224,0.6957969503696153,0.6821099872709603,0.020382232839697534
0.25,0.125,0.0625,0.7461550020957046,0.7094325410913787,0.6992006128460556,0.7445789622427685,0.7427638442003867,0.7284261924952588,0.02233654078111984
0.25,0.125,0.125,0.7555989697387214,0.7221065203109306,0.7072693627713278,0.7554542233100927,0.7540834063684927,0.7389024964999129,0.022726371625726067
0.25,0.125,0.25,0.7564247876270669,0.7234809588299241,0.7078758590561007,0.7563892172077921,0.7552321067858483,0.7398805859013464,0.022776989596637345
0.25,0.125,0.5,0.7564742582491959,0.7235854232309392,0.7078838126256572,0.756411853420728,0.7552910090408853,0.7399292713134811,0.022778432146928467
0.25,0.125,1.0,0.7564749777144757,0.7235873709216015,0.7078838169051364,0.7564124870022862,0.7552917437013109,0.739930079248962,0.022778450402793183
0.25,0.25,3.0517578125e-05,0.7525533541922018,0.7193440803256517,0.7044056509446965,0.7517280030791759,0.7510318591488641,0.735812589538118,0.02248770410892875
0.25,0.25,6.103515625e-05,0.7484092832310865,0.7153756740740702,0.700979935937362,0.7471203259866159,0.7462371509787021,0.7316244740415673,0.022014159024956716
0.25,0.25,0.0001220703125,0.7404299083688403,0.7084847105947968,0.6944689608846033,0.7387800241279917,0.7376031070812022,0.7239533422114869,0.021131913758053927
0.25,0.25,0.000244140625,0.7255055690512395,0.695022990139301,0.6823585152234345,0.7224708454009661,0.722853263824797,0.7096422367279476,0.019677865609573977
0.25,0.25,0.00048828125,0.7048306992306942,0.673063167611275,0.662805697126013,0.6973899774354608,0.7008050286559576,0.6877789140118801,0.018661660803347507
0.25,0.25,0.0009765625,0.6715814621005745,0.6409227933489903,0.638485021981192,0.6666257853201499,0.665561680896724,0.6566353487295261,0.015646032179025108
0.25,0.25,0.001953125,0.6325940178462441,0.6034026359651081,0.6071859431926675,0.6309055328163636,0.626216445344427,0.6200609150329621,0.013746255088228675
0.25,0.25,0.00390625,0.606492649062994,0.580492104503124,0.5844199327334022,0.608746614892375,0.5980422628619805,0.5956387128107752,0.012754242937612532
0.25,0.25,0.0078125,0.604013368930661,0.5694115149944189,0.5787183057558744,0.6045063037709711,0.5957459784715725,0.5904790943846996,0.015730847952144897
0.25,0.25,0.015625,0.6353649295062109,0.6023033022053121,0.6062811208680421,0.6369021844165136,0.6303109751484514,0.622232502428906,0.016617321740363813
0.25,0.25,0.03125,0.7037070220833033,0.6654545620875253,0.6635959863670567,0.7003683082208348,0.6987685455609385,0.6863788848639317,0.02003970898684122
0.25,0.25,0.0625,0.7462794831120143,0.7091286961978133,0.6994860932762357,0.7440726083478716,0.7425223693874834,0.7282978500642837,0.022204126109323652
0.25,0.25,0.125,0.7551728513440318,0.7208606810767486,0.7071477123670217,0.7551060624866746,0.7531711088879112,0.7382916832324776,0.02270947628068233
0.25,0.25,0.25,0.7559034917917912,0.7220432693526944,0.7076567256990067,0.7560185989771137,0.754261873447196,0.7391767918535603,0.022792876125954046
0.25,0.25,0.5,0.7559507684705187,0.722145579373452,0.7076633101904155,0.7560398136682285,0.7543202354657226,0.7392239414336673,0.022793652023997916
0.25,0.25,1.0,0.755951485395105,0.7221475260816442,0.7076633139742345,0.7560398420478425,0.7543209699974708,0.7392246274992594,0.022793544461417292
0.25,0.5,3.0517578125e-05,0.7528371819631698,0.7185057942197051,0.7043343927479849,0.7528429356498756,0.7504124661656917,0.7357865541492854,0.022822272463594567
0.25,0.5,6.103515625e-05,0.7480511482450178,0.7149535842304402,0.7012802413482288,0.748142061057641,0.7462824580044244,0.7317418985771506,0.022114163347895864
0.25,0.5,0.0001220703125,0.7399352533474424,0.7076769840577719,0.6956936091134,0.7395342609591089,0.7386255018171555,0.7242931218589757,0.021073762588528576
0.25,0.5,0.000244140625,0.7261677977092424,0.6941367183497542,0.6852954208842617,0.7243956742022445,0.7249602410360817,0.7109911704363169,0.019681779455841084
0.25,0.5,0.00048828125,0.7060307432850776,0.6758170963090093,0.6687847448223909,0.702194107332242,0.7025264102904102,0.6910706204078261,0.017378885232781128
0.25,0.5,0.0009765625,0.6785114797719269,0.6519146557856514,0.6485874706142176,0.673821913863782,0.6713624575191627,0.6648395955109481,0.013613741417929025
0.25,0.5,0.001953125,0.6486996783494712,0.623938138417053,0.62575931635239,0.6440375755907705,0.6404859356471833,0.6365841288713736,0.011120500707171226
0.25,0.5,0.00390625,0.6259566603967669,0.5960613015139088,0.6076630987237228,0.6308762640676076,0.6201972593797708,0.6161509168163554,0.014186234929934417
0.25,0.5,0.0078125,0.6237252337177088,0.5937037538271401,0.603923078331816,0.633681245830246,0.6194068145161514,0.6148880252446125,0.015974231330078147
0.25,0.5,0.015625,0.6569607779917583,0.6247485667317287,0.6271346568565382,0.6622623789996654,0.6534077924600505,0.6449028346079483,0.017613806675682867
0.25,0.5,0.03125,0.711475051094905,0.6773517258679569,0.6730646275485064,0.7143946746616722,0.7108931715385332,0.6974358501423148,0.02039073889178305
0.25,0.5,0.0625,0.7479038397874764,0.7105746993529631,0.701519821105784,0.7473554268491811,0.744300733671249,0.7303309041533308,0.022439834619877183
0.25,0.5,0.125,0.7550744999693917,0.7195774297306892,0.7074900552274429,0.7558036204123619,0.7529622700506051,0.7381815750780982,0.022926294684634006
0.25,0.5,0.25,0.7556814315118808,0.7207112822415329,0.7078380245749615,0.7566083020048797,0.753913472948939,0.7389505026564388,0.023001455344628913
0.25,0.5,0.5,0.7557269663252406,0.7208188874388171,0.7078421049063186,0.7566287331386203,0.7539697315038467,0.7389972846625685,0.023000129019103664
0.25,0.5,1.0,0.7557276806292362,0.7208209131591563,0.7078421072681245,0.7566287620032424,0.7539704641348991,0.7389979854389317,0.022999982624888567
0.25,1.0,3.0517578125e-05,0.7558845566851979,0.7300913752519059,0.7179957554336136,0.7696044396275088,0.7569778962065146,0.7461108046409481,0.021287607327268962
0.25,1.0,6.103515625e-05,0.7540336462924815,0.7289180109065648,0.7171470735483142,0.7677627758000546,0.7548467920619318,0.7445416597218694,0.020797088422683966
0.25,1.0,0.0001220703125,0.7509727459865425,0.7263493135675877,0.7158400459396677,0.7641437318808381,0.7511804242743613,0.7416972523297993,0.01989952338306168
0.25,1.0,0.000244140625,0.7453452477246876,0.721216164427641,0.7126352127243417,0.7573673448145498,0.7446545306527436,0.7362437000687928,0.018594193383477186
0.25,1.0,0.00048828125,0.7359369261392281,0.7126736371972041,0.7065389636516645,0.7490836054635233,0.7336762406834932,0.7275818746270226,0.017566532511767093
0.25,1.0,0.0009765625,0.7232393209412347,0.7021563810816134,0.6997789415615697,0.7346969251595925,0.7208151079157834,0.7161373353319587,0.014831067552672186
0.25,1.0,0.001953125,0.7102996497657315,0.6915315434964192,0.6930020738289462,0.7252484553950271,0.709162648908809,0.7058488742789867,0.013938799219706035
0.25,1.0,0.00390625,0.7036320018213057,0.6843572480318421,0.6884831132443078,0.7215038888376509,0.7073741152050044,0.7010700734280222,0.01501328854217694
0.25,1.0,0.0078125,0.7109234456183067,0.6881981425953949,0.693856703661062,0.7268703473006913,0.7119417276114477,0.7063580733573804,0.015482575129798065
0.25,1.0,0.015625,0.7297825379927574,0.7058414151919823,0.7070416413847175,0.7442282751224351,0.7282012061441471,0.7230190151672079,0.016376656145836704
0.25,1.0,0.03125,0.7526369515345196,0.7250556527738705,0.7221162718194795,0.7673015073375871,0.7528450692771129,0.7439910905485139,0.01958046143826564
0.25,1.0,0.0625,0.7632700627465783,0.7344165735968133,0.7298912535481573,0.7790080662487915,0.7634953005018563,0.7540162513284393,0.021013323732157894
0.25,1.0,0.125,0.7651895776794347,0.7365978600610767,0.7306232870171573,0.7813150502157172,0.7653114017120773,0.7558074353370927,0.02140232170507713
0.25,1.0,0.25,0.7653749745329335,0.7370011207959875,0.7306389803789571,0.7815627865481666,0.7655647794054673,0.7560285283323024,0.02142991989354131
0.25,1.0,0.5,0.765391520422984,0.7370496935198732,0.730638979475435,0.7815708554837906,0.7655821392573839,0.7560466376318934,0.021425284719057577
0.25,1.0,1.0,0.7653917716302447,0.7370506436448251,0.730638979430156,0.7815708706815412,0.765582361958895,0.7560469254691323,0.021425130822816708
0.5,0.015625,3.0517578125e-05,0.750114492084972,0.7179983120933262,0.7009065376421927,0.7491590957120589,0.7465856361616674,0.7329528147388434,0.022324994722239803
0.5,0.015625,6.103515625e-05,0.7416009547956394,0.7099080104776903,0.6935243990742219,0.7385081359458501,0.7373634201190412,0.7241809840824887,0.02136611370788453
0.5,0.015625,0.0001220703125,0.7262718955046282,0.6968369605336787,0.6798083485960029,0.7198390913992986,0.7204776110225535,0.7086467814112325,0.019666011640421054
0.5,0.015625,0.000244140625,0.7025236367431766,0.6726127352963008,0.65869914955987,0.6906830232361549,0.6922559590158155,0.6833549007702636,0.01749050344032358
0.5,0.015625,0.00048828125,0.6621363353282986,0.640498930155427,0.6295692706604938,0.6560945666555551,0.6499142575495402,0.6476426720698629,0.012887414251628558
0.5,0.015625,0.0009765625,0.6164372452433718,0.5958083655549975,0.5938087428812009,0.6253952743354981,0.6139714625478185,0.6090842181125774,0.013725807134174968
0.5,0.015625,0.001953125,0.5808359974079753,0.5574687884258955,0.5663374800599846,0.6008172983394418,0.5782186471286879,0.576735642272397,0.01641852466812387
0.5,0.015625,0.00390625,0.5593593357031102,0.5395419998668903,0.5454227541792749,0.5826188372310385,0.5623336078493331,0.5578553069659294,0.01677420115931157
0.5,0.015625,0.0078125,0.5623028143058787,0.5374210501551485,0.5415358850367061,0.5814204691876524,0.5653950317716864,0.5576150500914144,0.018135175825628024
0.5,0.015625,0.015625,0.5995054514721573,0.5618216602262958,0.5651381692494497,0.5981081131937438,0.595459660493904,0.58400661092711,0.01883101761547252
0.5,0.015625,0.03125,0.6699473647374894,0.6287173108015939,0.633857339492774,0.6639834241179206,0.6654201050059761,0.6523851088311508,0.01946989840441359
0.5,0.015625,0.0625,0.7371215943113529,0.6968918297372,0.6917381021270141,0.7339306480339212,0.7312373610709061,0.7181839070560789,0.02196429868342202
0.5,0.015625,0.125,0.7551946714064505,0.7205325870500496,0.7066403155135077,0.7547134151457188,0.7528940943741729,0.7379950166979798,0.022832921516560575
0.5,0.015625,0.25,0.7567956730973644,0.7231385032017081,0.7077846917614559,0.7566460428914953,0.7551836695867559,0.7399097161077559,0.022977296425689582
0.5,0.015625,0.5,0.7568923507053369,0.7233469697557676,0.707799844716311,0.7566924530864627,0.7553011810872101,0.7400065598702177,0.022979821836281552
0.5,0.015625,1.0,0.7568937865167193,0.7233508657356001,0.7077998529411684,0.7566925142431166,0.755302650229975,0.740007933933316,0.022979632211580298
0.5,0.03125,3.0517578125e-05,0.7495440463388514,0.718008922250469,0.7008797469120115,0.7485306760442522,0.7464427423696091,0.7326812267830386,0.022088173751913676
0.5,0.03125,6.103515625e-05,0.7417891413923292,0.7102148374559856,0.6933657672118643,0.7383621467432466,0.7372762116711021,0.7242016208949056,0.021373267630635087
0.5,0.03125,0.0001220703125,0.7259929581177773,0.696845682697946,0.6800265502844391,0.7196830530429759,0.7208762812364508,0.7086849050759177,0.019561608429281015
0.5,0.03125,0.000244140625,0.7024788411609084,0.6733901295737698,0.6594000957930883,0.6894116018817324,0.6919000317778047,0.6833161400374607,0.016945130737733932
0.5,0.03125,0.00048828125,0.6623420460492702,0.6400131596116765,0.6291885366202302,0.6569599163172608,0.6508415109413084,0.6478690339079491,0.013338136892121754
0.5,0.03125,0.0009765625,0.6163004807078631,0.5957496617639881,0.593438793396472,0.6254425564090813,0.6146549589940424,0.6091172902542894,0.013904019835677463
0.5,0.03125,0.001953125,0.5799570869954038,0.5570864089207523,0.5665944005980319,0.6006241983673953,0.5796635636081384,0.5767851316979444,0.01642055457151661
0.5,0.03125,0.00390625,0.5586273100621014,0.539564203721526,0.5458414290784849,0.5827967317252007,0.56290945774834,0.5579478264671307,0.01678593174681982
0.5,0.03125,0.0078125,0.5623711443787166,0.5373424922245388,0.5408309359053426,0.5809154138306021,0.5655167969090725,0.5573953566496546,0.01816870077532848
0.5,0.03125,0.015625,0.599918238137987,0.5620028347942518,0.5659281520726822,0.598054679624785,0.5958919244090153,0.5843591658077443,0.018722741219787745
0.5,0.03125,0.03125,0.6699242436376924,0.6292048988162083,0.6342539138545555,0.664581731182863,0.6656451252668897,0.6527219825516418,0.019350076424440525
0.5,0.03125,0.0625,0.7372751740260198,0.6969374405639446,0.6918337653898714,0.734041555983183,0.7314242341767082,0.7183024340279454,0.02200522567078901
0.5,0.03125,0.125,0.7551320725075911,0.7204711103211867,0.7066426813208366,0.7546952418324036,0.7528628470469585,0.7379607906057952,0.02282366618131673
0.5,0.03125,0.25,0.7567192079152967,0.7230620720231843,0.7077756045709951,0.7566119044042359,0.7551422008574403,0.7398621979542305,0.02296727914855738
0.5,0.03125,0.5,0.7568155857803122,0.7232703188040353,0.7077905399382362,0.7566579395789144,0.7552595967165846,0.7399587961636165,0.022969704121466775
0.5,0.03125,1.0,0.7568170212764888,0.7232742146217903,0.707790548073841,0.7566580003807328,0.7552610658314136,0.7399601700368532,0.02296951277988265
0.5,0.0625,3.0517578125e-05,0.7515431920802913,0.7183474555761248,0.7009923681500706,0.7478205425034214,0.747281740212127,0.7331970597044071,0.022396751707601106
0.5,0.0625,6.103515625e-05,0.7429825099446872,0.711275234502547,0.6941072710370768,0.7379110927694625,0.7379080946204558,0.7248368405748459,0.021208976123859132
0.5,0.0625,0.0001220703125,0.7262055040739225,0.6970960554334413,0.680659429558386,0.7196000554713373,0.7208963437019098,0.7088914776477995,0.01933097568413395
0.5,0.0625,0.000244140625,0.7022778643680803,0.6746060366870764,0.6599992606644748,0.6898683103906276,0.6932776789636127,0.6840058302147743,0.0167247913669342
0.5,0.0625,0.00048828125,0.6614789315686892,0.6372855459768562,0.6281681929327639,0.6562636962115365,0.6519343902577146,0.6470261513895121,0.013863692590678711
0.5,0.0625,0.0009765625,0.6162303320151004,0.593744127359315,0.5925577211457699,0.6250417517227707,0.6141922201182632,0.6083532304722439,0.014470429148603296
0.5,0.0625,0.001953125,0.5797697688252601,0.5580310352445534,0.5663633310884097,0.6001749359608096,0.5820601991779522,0.5772798540593971,0.016147164223238367
0.5,0.0625,0.00390625,0.5576115648113069,0.5405615117315944,0.5460063677434133,0.5831428796092307,0.5629041982536925,0.5580453044298477,0.016615536876582897
0.5,0.0625,0.0078125,0.563591751781598,0.5371917246248383,0.5404333001775886,0.5804481193779769,0.5661434972271526,0.5575616786378309,0.01831744344429749
0.5,0.0625,0.015625,0.6004357240322729,0.5625302120592937,0.5675151342790524,0.5980617242257646,0.5964758234616796,0.5850037236116126,0.018379176874438033
0.5,0.0625,0.03125,0.6700302990249338,0.63043037331843,0.635220810003756,0.6657715855224423,0.6660251507564614,0.6534956437252047,0.019020110185147286
0.5,0.0625,0.0625,0.7375715414897199,0.6970360954834234,0.6920393951596423,0.7342240251493916,0.7317749913803162,0.7185292097324987,0.022068374415734573
0.5,0.0625,0.125,0.7550702818746384,0.7202393877696669,0.7066345744194678,0.7546959845831844,0.7528605530777956,0.7379001563449508,0.022859166034254287
0.5,0.0625,0.25,0.7566037473708536,0.7227992948909148,0.707735269236411,0.7565744244921959,0.7551151262697149,0.7397655724520179,0.02299709406790558
0.5,0.0625,0.5,0.7566992219161316,0.72300707887919,0.7077496772159542,0.7566194143129701,0.7552323036573659,0.7398615391963224,0.022999124169971172
0.5,0.0625,1.0,0.7567006565515846,0.7230109495783599,0.707749698050816,0.7566194741531161,0.7552337782637839,0.7398629113195321,0.02299892766022595
0.5,0.125,3.0517578125e-05,0.7508461364422797,0.7189897756812644,0.7009950925730196,0.7478274176529615,0.7489371291909828,0.7335191103081016,0.02242533218445648
0.5,0.125,6.103515625e-05,0.7430702053608399,0.7123957617367125,0.6937603805864655,0.7375890354956925,0.739814193746655,0.7253259153852731,0.02144018430405031
0.5,0.125,0.0001220703125,0.7269468140955959,0.697834902572899,0.681320210220165,0.7191836066354126,0.7228374841329526,0.709624603531405,0.01940457073972336
0.5,0.125,0.000244140625,0.698485567188031,0.672426036503726,0.6593126123787348,0.6918013948416049,0.6905525632896937,0.682515634840358,0.016171244099008792
0.5,0.125,0.00048828125,0.6573171581113674,0.6313387188245029,0.6268493779676371,0.653269468933353,0.6537121065352189,0.6444973660744158,0.014237360884860899
0.5,0.125,0.0009765625,0.6148872669014263,0.5886193077563461,0.5925531449902892,0.6236744797236965,0.6153349975574788,0.6070138393858474,0.015461888200491545
0.5,0.125,0.001953125,0.5824814143368063,0.5613440354634165,0.563455881377446,0.5988991035851823,0.5858447983927859,0.5784050466311274,0.015862918191726902
0.5,0.125,0.00390625,0.5576405510480046,0.5402899922627893,0.5458693012455139,0.5825041238071229,0.5626480705205776,0.5577904077768017,0.016452693005190585
0.5,0.125,0.0078125,0.5678607622029739,0.5380459366101501,0.5421824892984968,0.5791102264195417,0.5648835951592432,0.5584166019380812,0.017590840498029958
0.5,0.125,0.015625,0.6015954345144918,0.5641411157372767,0.5701103813449543,0.5987825216002888,0.5974329976212438,0.586412490163651,0.017795813639051358
0.5,0.125,0.03125,0.670650554302305,0.6329839903929692,0.6372329097099354,0.6686075227351985,0.6672319093286113,0.6553413772938039,0.01857091553269702
0.5,0.125,0.0625,0.7379073154170427,0.697541723120412,0.6924080563605077,0.7346476806817076,0.7323843257350648,0.718977820262947,0.022074098599047378
0.5,0.125,0.125,0.7549022162241597,0.719810063221956,0.7066733681163785,0.754612228947925,0.7526534345396515,0.737730262210014,0.022848643726153715
0.5,0.125,0.25,0.7563751473598438,0.7222960457184294,0.707707184466998,0.7564282655568049,0.7548540145054969,0.7395321315215145,0.022988239030413193
0.5,0.125,0.5,0.7564694732187844,0.7225029101303849,0.7077205610463188,0.7564720960777986,0.7549707656005167,0.7396271612147608,0.022989740153147815
0.5,0.125,1.0,0.7564709066828954,0.72250680501491,0.7077205685893311,0.7564721549319988,0.7549722346018886,0.7396285339642048,0.022989530725626605
0.5,0.25,3.0517578125e-05,0.7483591501471274,0.7153398183577067,0.7009424479220776,0.7470600221080475,0.7461862249073095,0.7315775326884537,0.022005203003110124
0.5,0.25,6.103515625e-05,0.7402420166327867,0.7083335926096379,0.6943193154313798,0.7385692572460582,0.7374141577757578,0.7237756679391241,0.021107662841072055
0.5,0.25,0.0001220703125,0.7248015590821186,0.6944016485072495,0.6817871941947651,0.7216431282984419,0.7222825631930997,0.708983218655135,0.019618943050065642
0.5,0.25,0.000244140625,0.7029786733180535,0.6713652346414964,0.6612430532549398,0.695355897581369,0.6988072297652252,0.6859500177122169,0.01848582956986419
0.5,0.25,0.00048828125,0.6652026939252119,0.6354819051906111,0.6338662540182012,0.661609750521539,0.6600585752882385,0.6512438357887603,0.015251396210985268
0.5,0.25,0.0009765625,0.6209732073682388,0.59375179207666,0.5977875576144188,0.6212517725174511,0.6133664827821318,0.60942616247178,0.012940715139149872
0.5,0.25,0.001953125,0.5821241275722955,0.5628889812646682,0.5698062402664594,0.594733295377572,0.583381417903867,0.5785868124769724,0.012447189466467792
0.5,0.25,0.00390625,0.5671594155547661,0.5379893081585475,0.5499371158007561,0.5766634748908782,0.5669418970192663,0.5597382422848428,0.015512157884949543
0.5,0.25,0.0078125,0.5734253785710148,0.53647347497817,0.5475065903218704,0.5777623497757776,0.5632981796532033,0.5596931946600072,0.017433673349025354
0.5,0.25,0.015625,0.6060642499802555,0.5697250957214349,0.579781415144633,0.6066750425661809,0.6018050140420617,0.5928101634909131,0.016966744342008885
0.5,0.25,0.03125,0.6749305500066073,0.6390605566456762,0.6421834165551258,0.6773545636762832,0.6725436899821199,0.6612145553731625,0.018907416349981672
0.5,0.25,0.0625,0.7386329906888236,0.6994206481198346,0.6938412178757261,0.7361027198371684,0.7339456601683066,0.7203886473379718,0.021840351061512
0.5,0.25,0.125,0.754384490120452,0.7189263770217286,0.7068541410511716,0.7544255136398633,0.7520010923913037,0.7373183228449038,0.02272566724789948
0.5,0.25,0.25,0.7557731920867232,0.7212607701708428,0.7077072643626704,0.7561417960959123,0.7540447431114142,0.7389855531655126,0.0228879879877236
0.5,0.25,0.5,0.7558656540624792,0.721470960568925,0.7077179424974074,0.7561837073687431,0.7541594649195424,0.7390795458834194,0.022887453821747526
0.5,0.25,1.0,0.7558670858229237,0.7214749302051581,0.7077179486900481,0.7561843399804133,0.7541609322608259,0.7390810473918739,0.02288731064264407
0.5,0.5,3.0517578125e-05,0.7479922262660423,0.7149099460171777,0.7012448544650034,0.7480845220239319,0.746237342911444,0.7316937783367199,0.022105684485783178
0.5,0.5,6.103515625e-05,0.7397726474468453,0.7075028062937333,0.6955704617808094,0.7393224068668894,0.7384285991387234,0.7241193843054001,0.02104793228122167
0.5,0.5,0.0001220703125,0.7255989026501055,0.6935980598537126,0.6847740800125637,0.7237494071459277,0.7243458313088601,0.710413256194234,0.01963855654738147
0.5,0.5,0.000244140625,0.7039632778235883,0.6744971183203607,0.6675443789244231,0.700545036309242,0.700446235587961,0.6893992093931149,0.017015318596762377
0.5,0.5,0.00048828125,0.6733763617967528,0.6476230894048199,0.6458016203428723,0.6683665278734441,0.666939257766479,0.6604213714368735,0.012757088943547596
0.5,0.5,0.0009765625,0.6374141960004166,0.6127144871374822,0.6188758710515809,0.6359322506946765,0.6318087281272529,0.6273491066022819,0.010963945672366231
0.5,0.5,0.001953125,0.602263337201613,0.5781364242503629,0.5900187285014061,0.6148688610105254,0.5983718244940499,0.5967318350915916,0.013721278133456617
0.5,0.5,0.00390625,0.5873881894278821,0.5587571026669507,0.5732234867176159,0.6034608791912286,0.5862016813577723,0.5818062678722898,0.016765499160086916
0.5,0.5,0.0078125,0.597321242989622,0.5667253329285951,0.5812671731672788,0.6083395113945033,0.5946079315806054,0.5896522384121209,0.016035421819512265
0.5,0.5,0.015625,0.6340847494521356,0.6049237381522973,0.6110106226128049,0.6426874525123826,0.631983731737333,0.6249380588933906,0.016146911035244075
0.5,0.5,0.03125,0.6940607708214073,0.6609313230270587,0.6615047377128309,0.702208782189616,0.694813838968642,0.682703890543911,0.019871582445977375
0.5,0.5,0.0625,0.7425405446177196,0.7061683650414987,0.7005102551647912,0.744648778731108,0.7388614705134919,0.726545882813722,0.021379399458601164
0.5,0.5,0.125,0.7540851565404544,0.7192727527437981,0.7091360953604415,0.757268277330351,0.7518251497790873,0.7383174863508264,0.022385622235857543
0.5,0.5,0.25,0.7551572516666699,0.7210383215916203,0.7096636660155422,0.7585485501216547,0.7533519936836973,0.739551956615837,0.02253276180553949
0.5,0.5,0.5,0.7552371489796763,0.7212178116645511,0.7096752285881766,0.7585802555953363,0.753440197587685,0.739630128483085,0.022526172851626284
0.5,0.5,1.0,0.7552384180886849,0.7212209848708845,0.7096753786804757,0.7585803004256347,0.7534413214437893,0.7396312807018939,0.022525876063406433
0.5,1.0,3.0517578125e-05,0.7540101274457921,0.7289041065033472,0.7171385696907567,0.7677394575142837,0.7548236849557834,0.7445231892219926,0.020790445248275138
0.5,1.0,6.103515625e-05,0.75092575133145,0.7262870384489823,0.7158085221888383,0.7640441153135777,0.7511002877641311,0.7416331430093959,0.019878663464615448
0.5,1.0,0.0001220703125,0.7450583682748918,0.7209558926452205,0.7124926354613602,0.7570970094285991,0.744325620494858,0.735985905260986,0.0185430186296936
0.5,1.0,0.000244140625,0.7350990128281598,0.7120369165983911,0.7060900915494802,0.7484187179360037,0.7327178077090507,0.7268725093242171,0.01745054210290491
0.5,1.0,0.00048828125,0.7205357701566538,0.7005513959907198,0.6986823657277844,0.7326910121403729,0.7186244695399141,0.714217002711089,0.014393708378232905
0.5,1.0,0.0009765625,0.7056506201909467,0.6873725640873749,0.6897040273774334,0.721648422512654,0.7059508436268058,0.702065295559043,0.013965387632827255
0.5,1.0,0.001953125,0.69870725656476,0.6751201290492604,0.6854329273503265,0.7143081597514157,0.6987367575140175,0.694461046045956,0.0148811788194098
0.5,1.0,0.00390625,0.7022889899122678,0.6752128201660632,0.6907548055900783,0.7153572314864746,0.6979182158127142,0.6963064125935196,0.014807792064489905
0.5,1.0,0.0078125,0.7158766748597526,0.6887028245914766,0.704051425591875,0.7286498713811025,0.7111524969050211,0.7096866586658456,0.014766055354824486
0.5,1.0,0.015625,0.7422922087415698,0.7101988823276977,0.7222445374646831,0.7524663730884191,0.7349321927575082,0.7324268388759755,0.016605319678125133
0.5,1.0,0.03125,0.7648374741825096,0.7361834453159517,0.7364401756726783,0.7802378931107208,0.7617926734458335,0.7558983323455387,0.01919871326238466
0.5,1.0,0.0625,0.777425548216442,0.7470900077366367,0.7443673949609212,0.7945407016979082,0.7760818520738595,0.7679011009371536,0.021530472771199297
0.5,1.0,0.125,0.780604454407464,0.7495218327887181,0.745587968669807,0.7976844243993266,0.7787754983152736,0.7704348357161178,0.02219373996075734
0.5,1.0,0.25,0.7809888139035874,0.7501607713409132,0.745631661625077,0.7980108977517808,0.7790900665559138,0.7707764422354544,0.022205800650261565
0.5,1.0,0.5,0.7810164359133123,0.750248567768611,0.7456321477110988,0.798020759690589,0.7791125290814523,0.7708060880330128,0.02219361074110182
0.5,1.0,1.0,0.7810168448031366,0.7502503165835206,0.7456321480361653,0.7980207768321276,0.7791128212282602,0.770806581496642,0.022193285303551972
1.0,0.015625,3.0517578125e-05,0.7415025251524555,0.7098133185769256,0.6934405655306156,0.7383686879780341,0.7372676301165362,0.7240785454709133,0.02135379186330296
1.0,0.015625,6.103515625e-05,0.7259825471812806,0.6964801182409012,0.6795284854556585,0.7193608960069524,0.7201119066600925,0.7082927907089769,0.01963444949792658
1.0,0.015625,0.0001220703125,0.7015567411076266,0.6719165099705081,0.6578153071903701,0.6896604595934871,0.6910176060161872,0.6823933247756357,0.017380079097725206
1.0,0.015625,0.000244140625,0.659451157967615,0.6385286825306592,0.6275945186760317,0.6538209997814147,0.6474737500995099,0.6453738218110461,0.012618393910076704
1.0,0.015625,0.00048828125,0.6106994215168964,0.5895225383148649,0.5907512938641141,0.6235774200378034,0.6081221106923135,0.6045345568851983,0.014394840884492048
1.0,0.015625,0.0009765625,0.5698894036767297,0.548587227498074,0.5612922616440552,0.5953906618833228,0.5711805794761289,0.5692680268356621,0.017159139840385907
1.0,0.015625,0.001953125,0.5426081748297654,0.526976355540383,0.536507005359332,0.5716464085206009,0.5463301467918511,0.5448136182083865,0.01669079261068406
1.0,0.015625,0.00390625,0.5320175105084376,0.5155814247856787,0.5214378490615963,0.5587765612620594,0.5338242557868581,0.532327520280926,0.01658994232702808
1.0,0.015625,0.0078125,0.5424785738608658,0.5193128630065849,0.5229454618106337,0.5591985653997468,0.5417055996723721,0.5371282127500406,0.016242047375764006
1.0,0.015625,0.015625,0.5755430721815625,0.5414202709127313,0.547453115192766,0.5798001073917313,0.5790609299310606,0.5646554991219703,0.018649481804805763
1.0,0.015625,0.03125,0.6522089246230949,0.6134129489477901,0.6190917791250037,0.6466174727882865,0.6453830507491305,0.635342835246661,0.017729954089305888
1.0,0.015625,0.0625,0.7252766287832327,0.6847071811721674,0.6854605365649711,0.724175682565235,0.7195819216283155,0.7078403901427844,0.020884988397901674
1.0,0.015625,0.125,0.7531120132203881,0.7173065549779117,0.7066459181610412,0.753714683175339,0.7500904621270776,0.7361739263323515,0.02245065630983139
1.0,0.015625,0.25,0.7557665874413502,0.7216347388043141,0.7082730433015132,0.756947385868821,0.7538412301339734,0.7392925971099944,0.0227418080022431
1.0,0.015625,0.5,0.7559419670214976,0.7220208867063596,0.7082954704460627,0.757025847543271,0.7540430456785874,0.7394654434791557,0.022738897756401217
1.0,0.015625,1.0,0.7559446543824787,0.7220282046345288,0.7082955399872033,0.7570259538926989,0.7540455776334413,0.7394679861060702,0.02273838373672785
1.0,0.03125,3.0517578125e-05,0.7416833963995398,0.7101218657275332,0.6932849328384055,0.7382374717153837,0.7371743037686596,0.7241003940899043,0.021359646272925283
1.0,0.03125,6.103515625e-05,0.7256415461847062,0.6965161053530637,0.6797313508178311,0.7192202671121087,0.7205302506484521,0.7083279040232323,0.01952296394487423
1.0,0.03125,0.0001220703125,0.7015085922699791,0.6727523028820578,0.6586672177177418,0.688376366679984,0.6906937517016445,0.6823996462502815,0.01677769790848391
1.0,0.03125,0.000244140625,0.6594919822555358,0.6381809976211861,0.6270649244408035,0.6543851014033002,0.6482780954564914,0.6454802202354635,0.012998617803928969
1.0,0.03125,0.00048828125,0.6103209906161504,0.5898940611911405,0.5901886651088795,0.6231662753159009,0.6077487487338302,0.6042637481931804,0.014236720255475873
1.0,0.03125,0.0009765625,0.5685828523399908,0.547618891226598,0.5620114143309849,0.5949928664739006,0.5726444859740721,0.5691701020691093,0.01728390050147188
1.0,0.03125,0.001953125,0.5413521190380768,0.5278564335700915,0.5357869747779272,0.571791299205462,0.5460960348884881,0.5445765722960091,0.016659586502089676
1.0,0.03125,0.00390625,0.5315168648845647,0.5158091874534689,0.520540923366096,0.5575699727800656,0.5333390279221564,0.5317551952812704,0.016194158860190967
1.0,0.03125,0.0078125,0.542241841478866,0.5188718428772024,0.5215937327823618,0.558356299191919,0.5417095769665281,0.5365546586593755,0.01636108216293879
1.0,0.03125,0.015625,0.5759149150634164,0.5415603379512034,0.5478453127915179,0.5804665463881542,0.5791221281176441,0.5649818480623872,0.018718195247593532
1.0,0.03125,0.03125,0.6527445983952225,0.6144218631737637,0.6199264976855683,0.64763058599579,0.6461925860246128,0.6361832262549915,0.017630559563816414
1.0,0.03125,0.0625,0.7257345125905634,0.6852427693448161,0.6858659419162174,0.7247026787388018,0.7200774281460742,0.7083246661472945,0.020896397526329553
1.0,0.03125,0.125,0.7530842641718964,0.7173382553547011,0.7067391334306772,0.7538785068363529,0.7501155042895888,0.7362311328166433,0.022444110942747727
1.0,0.03125,0.25,0.7557068290197854,0.7216028830575333,0.7083239442572836,0.7570597392064476,0.7538158445927079,0.7393018480267516,0.02273766742533385
1.0,0.03125,0.5,0.7558809715319852,0.7219852588294217,0.7083458280368171,0.7571369779454595,0.7540155711545318,0.7394729214996432,0.02273458790082099
1.0,0.03125,1.0,0.7558836400578494,0.7219925141831691,0.7083458981046327,0.7571370828698415,0.7540180810955845,0.7394754432622154,0.0227340721262569
1.0,0.0625,3.0517578125e-05,0.742875579064155,0.7111843678433593,0.6940255066319572,0.7377824361256068,0.7377983735681376,0.7247332526466431,0.02119351626509626
1.0,0.0625,6.103515625e-05,0.7258933112112822,0.696798097760699,0.6803470736978594,0.7191167000834989,0.7206023314616969,0.7085515028430074,0.019308136465244315
1.0,0.0625,0.0001220703125,0.7012360506606877,0.6736181157666152,0.6591331572563224,0.688844928169843,0.6922912215730628,0.6830246946853062,0.016663481122744125
1.0,0.0625,0.000244140625,0.6583428487407158,0.6354138750234026,0.6259203689944426,0.6541367431454059,0.6499067402072642,0.6447441152222462,0.013612370417767696
1.0,0.0625,0.00048828125,0.6092005912229339,0.5882841594491643,0.5890381963088287,0.6225887847673459,0.6094764315528933,0.6037176326602333,0.01477349762317557
1.0,0.0625,0.0009765625,0.5691303758531847,0.5482865621806361,0.5620300652594552,0.5941362980452223,0.574658806062175,0.5696484214801347,0.016877476172663195
1.0,0.0625,0.001953125,0.5405414017565571,0.5293791168520743,0.535125512107026,0.5707321714171802,0.5450505120769896,0.5441657428419655,0.015969219392713622
1.0,0.0625,0.00390625,0.530313389287582,0.5166578497076726,0.519878849989269,0.5564062598555939,0.53172033850541,0.5309953374691054,0.015619262991220665
1.0,0.0625,0.0078125,0.5425642978535558,0.518809525115635,0.5203004111792984,0.557620784796278,0.5422108478343767,0.5363011733558288,0.01651256310568349
1.0,0.0625,0.015625,0.5770097465705537,0.5424736388367061,0.5492928825094636,0.5822697205247791,0.5796029999583383,0.5661297976799682,0.018731611920817806
1.0,0.0625,0.03125,0.6538633282484146,0.6163644029722817,0.6216978586962019,0.6497217192301205,0.6477085223470938,0.6378711662988225,0.017443302226160935
1.0,0.0625,0.0625,0.726728884490039,0.6863137976276878,0.6867167337601889,0.7258250325635782,0.7211808175152096,0.7093530531913407,0.02095442602994458
1.0,0.0625,0.125,0.75306340820501,0.7173810829536602,0.7069295361467287,0.75425575996214,0.7501928946468577,0.7363645363828794,0.02245530247276521
1.0,0.0625,0.25,0.7556330480061946,0.721525580156929,0.708428808158476,0.7573201114194054,0.7537883736286145,0.7393391842739238,0.022750596984365556
1.0,0.0625,0.5,0.7558042396925696,0.7219043053017486,0.7084494524680307,0.7573948457816371,0.7539845688791319,0.7395074824246236,0.022746434704868677
1.0,0.0625,1.0,0.7558068636286698,0.7219115031320416,0.7084495198774872,0.7573949999996735,0.7539870376186437,0.7395099848513031,0.022745912406313896
1.0,0.125,3.0517578125e-05,0.742977978754283,0.712329609317535,0.6936740248502276,0.7374489099043984,0.7397119565650679,0.7252284958783024,0.02142556423509177
1.0,0.125,6.103515625e-05,0.7265845068363971,0.6974839357706568,0.6810215661859242,0.7187176249319331,0.722436872632872,0.7092489012715566,0.019360393823196837
1.0,0.125,0.0001220703125,0.697380874060799,0.6711484402443842,0.6583934780144424,0.6904917708359493,0.6892805202052968,0.6813390166721744,0.016082033203626417
1.0,0.125,0.000244140625,0.6545539095546035,0.6295692176443612,0.6254446876909211,0.6510298793282322,0.6511822184974084,0.6423559825431053,0.013706035167866467
1.0,0.125,0.00048828125,0.6116958869946907,0.583239951799991,0.588950961838768,0.6204234873250384,0.6115874844516211,0.6031795544820219,0.01612928260539971
1.0,0.125,0.0009765625,0.5709883994766114,0.5538188373439108,0.5589400446885301,0.5948603968487616,0.5797186957391608,0.5716652748193949,0.01646022666268326
1.0,0.125,0.001953125,0.5408286109461805,0.5301621815414773,0.5328853143078398,0.5700366172359961,0.5465592740417115,0.544094399614641,0.015886235634467907
1.0,0.125,0.00390625,0.5339739224642132,0.5185248063886477,0.5222300006944163,0.5571913406182202,0.5332159833277088,0.5330272106986412,0.015097487768571808
1.0,0.125,0.0078125,0.5436870995203257,0.5183547580448187,0.5207002668237098,0.5586049944959114,0.5447066502479551,0.5372107538265442,0.01720457648792829
1.0,0.125,0.015625,0.5801640643274624,0.5458840894604148,0.5537263674326167,0.5874124675912017,0.5810920213048101,0.5696558020233011,0.018542862944738742
1.0,0.125,0.03125,0.6571548768566343,0.6208137572578257,0.6256376973958835,0.6543214700490284,0.6511860928714754,0.6418227788861695,0.017192280319777972
1.0,0.125,0.0625,0.7287179165160095,0.6888011154863254,0.688444620701991,0.7285272180719353,0.7235923364320694,0.7116166414416661,0.021091048168704756
1.0,0.125,0.125,0.7529344453701258,0.7175914800951948,0.7074178178756324,0.755099272913524,0.7505183786497669,0.7367122789808489,0.02244782293330683
1.0,0.125,0.25,0.7553600322869982,0.7215017406845949,0.708771360803637,0.7579470245558222,0.7538753213955982,0.73949109594533,0.022730317932050298
1.0,0.125,0.5,0.7555299777181619,0.7218625849724999,0.7087915441459682,0.7580166296536537,0.7540635003129852,0.7396528473606538,0.022726043204629044
1.0,0.125,1.0,0.7555326031254578,0.7218694869477539,0.7087916518009837,0.7580167257857584,0.7540658829089936,0.7396552701137894,0.02272551175044353
1.0,0.25,3.0517578125e-05,0.7401470816159647,0.7082520806858521,0.6942437485495523,0.7384627420458045,0.7373180057398655,0.7236847317274078,0.02109622550227803
1.0,0.25,6.103515625e-05,0.7244423708935162,0.6940654539605572,0.6814915778744651,0.7212884441948515,0.7219754571868129,0.7086526608220406,0.019602205867375197
1.0,0.25,0.0001220703125,0.7019694487386077,0.6703811859383062,0.6604215222404239,0.6943224978810907,0.6977632630435173,0.6849715835683892,0.01840909623551366
1.0,0.25,0.000244140625,0.6613538885895756,0.6324750995765782,0.6314052615059154,0.6587171044641383,0.6564845419219891,0.6480871792116393,0.014845369631248218
1.0,0.25,0.00048828125,0.6152362089214067,0.5897582569571425,0.5949558132871107,0.6181239158354519,0.6096115782155196,0.6055371546433264,0.012550274257264368
1.0,0.25,0.0009765625,0.5715689742020139,0.5589366061117069,0.5621116505387282,0.5909918343858461,0.579828645063214,0.5726875420603019,0.013117082227283123
1.0,0.25,0.001953125,0.5497886656114082,0.5268519514076974,0.5349120773777696,0.5632215252475937,0.555146637384173,0.5459841714057283,0.014867619468612783
1.0,0.25,0.00390625,0.5367160349270496,0.5161919307717546,0.5266506653429197,0.5585818335795105,0.5384817436225803,0.535324441648763,0.015764665671122675
1.0,0.25,0.0078125,0.546019176646039,0.5174625512146681,0.5237893637568061,0.5660535675225273,0.5452481716219734,0.5397145661524029,0.019447854227874595
1.0,0.25,0.015625,0.5905603009039766,0.5578814182305339,0.5691031972852983,0.6014181781587379,0.5870082106465706,0.5811942610450235,0.017465780822554528
1.0,0.25,0.03125,0.6652372060849491,0.6310566223825689,0.6354319014349167,0.6671659532989906,0.6615617971726497,0.652090696074815,0.017390683977148276
1.0,0.25,0.0625,0.73337648792054,0.6949186578039162,0.6929519000785846,0.7348071655681507,0.7294476966184295,0.7171003815979242,0.02124897676343797
1.0,0.25,0.125,0.7533146779940911,0.7189064019845702,0.7088585986667377,0.7574229638667185,0.7516594604626674,0.738032420594957,0.0224285156047381
1.0,0.25,0.25,0.7553868769181166,0.7222042168289035,0.7098921505317106,0.7597439194378899,0.7544784427785588,0.7403411212990358,0.02268696939285706
1.0,0.25,0.5,0.7555383499289161,0.7225290217791164,0.7099105271451313,0.7598022810982242,0.754640062357524,0.7404840484617825,0.022678966153412014
1.0,0.25,1.0,0.7555407284077137,0.7225353176497193,0.7099106337834817,0.7598023681095896,0.7546420895922745,0.7404862275085557,0.02267841381565175
1.0,0.5,3.0517578125e-05,0.7396901891474285,0.7074294648383773,0.6955090888521721,0.7392153236006243,0.7383295921671988,0.7240347317211603,0.021031725687314422
1.0,0.5,6.103515625e-05,0.7253053337908433,0.6933251927275681,0.684515521564244,0.7234334844545045,0.7240328857455587,0.7101224836565437,0.019615468748357165
1.0,0.5,0.0001220703125,0.7029607680355046,0.6738398292316958,0.6668425381116948,0.6996837134316944,0.6993185770191424,0.6885290851659465,0.016846311908566884
1.0,0.5,0.000244140625,0.670779070816039,0.6455329657022432,0.6443863099057988,0.6656169116354802,0.6646253886872596,0.6581881293493642,0.012306505474171558
1.0,0.5,0.00048828125,0.6306179047613834,0.6073928543855122,0.6144477469605204,0.6311611245267801,0.6273369369536368,0.6221913135175665,0.0106876050378897
1.0,0.5,0.0009765625,0.593175651627908,0.567743500854978,0.5805564943744157,0.6065705136363945,0.5865430083306151,0.5869178337648623,0.014436501359623597
1.0,0.5,0.001953125,0.5716149251907546,0.5439721743697548,0.5584175205579424,0.586190900464413,0.5659083342487374,0.5652207709663204,0.015643619754732517
1.0,0.5,0.00390625,0.5700401497642816,0.5350479311833101,0.5480819581367024,0.5828216276987951,0.5622110355805233,0.5596405404727225,0.018644834276411178
1.0,0.5,0.0078125,0.5890944924325021,0.5491732795802489,0.5610257779625475,0.6043947235726745,0.5771496392889911,0.5761675825673928,0.021924914845046706
1.0,0.5,0.015625,0.6352791249184175,0.597448060316476,0.6070087469233003,0.6405127954033676,0.6232337893129982,0.6206965033749119,0.018300415856543618
1.0,0.5,0.03125,0.6977107082717174,0.6624742035811417,0.6632350372997183,0.7044013547073704,0.6931248735986353,0.6841892354917166,0.019886092190603662
1.0,0.5,0.0625,0.7452919510754052,0.7097613793637989,0.7061902351764141,0.753725649606591,0.743657756144361,0.7317253942733141,0.022050545679556104
1.0,0.5,0.125,0.7568868479459245,0.7240155266129107,0.7153030593360465,0.7674579350358868,0.7567987350557454,0.7440924207973028,0.022929261093454934
1.0,0.5,0.25,0.7581758937331741,0.7262395325180944,0.7158855397371302,0.768929411472703,0.7584788241613504,0.7455418403244904,0.023054493009617844
1.0,0.5,0.5,0.7582906507076593,0.7264950786694835,0.7159078419938439,0.7689698396864294,0.7585885323101564,0.7456503886735145,0.023035372608994586
1.0,0.5,1.0,0.7582925535144497,0.7265001683408914,0.7159082549260127,0.7689699051702907,0.7585899654920754,0.745652169488744,0.02303466014801399
1.0,1.0,3.0517578125e-05,0.7509020522430077,0.7262555965267063,0.7157926218237896,0.7639937796556912,0.7510598636475034,0.7416007827793397,0.019868128036166992
1.0,1.0,6.103515625e-05,0.7449160539093957,0.7208232504814347,0.7124053284478984,0.7569594592577991,0.744158052940292,0.7358524290073639,0.01852216336637465
1.0,1.0,0.0001220703125,0.7346436934465059,0.7117261570309047,0.7058459586722434,0.7480561367055754,0.73226583704092,0.7265075565792298,0.017385965770825594
1.0,1.0,0.000244140625,0.7188019641271909,0.6997654195181536,0.6981472912694902,0.73164649779176,0.7174340158825889,0.7131590377178367,0.014112457056300756
1.0,1.0,0.00048828125,0.7036420310051574,0.6849152389392057,0.6882580724773053,0.719840288224519,0.7045795027628345,0.7002470266818044,0.014080048291209601
1.0,1.0,0.0009765625,0.693436161323047,0.6697849745284462,0.6834138383026678,0.7102202449979763,0.6912949188957198,0.6896300276095714,0.014779062133921588
1.0,1.0,0.001953125,0.6936115372624873,0.6677435498852664,0.6850237722548889,0.7049486025757055,0.6850522817483861,0.6872759487453468,0.01363812646913998
1.0,1.0,0.00390625,0.6969049286234275,0.674036071760226,0.6947632781573281,0.7137103848013722,0.6882051292477953,0.6935239585180298,0.014392066853006627
1.0,1.0,0.0078125,0.7185282271292034,0.6953413503491994,0.7172881488314743,0.7361002217837724,0.7087145881984823,0.7151945072584264,0.014905394269477458
1.0,1.0,0.015625,0.7637131060280402,0.7352707834381217,0.7500008736101599,0.7745799885407315,0.7563203504529622,0.7559770204140032,0.014752100694391639
1.0,1.0,0.03125,0.7989654012378329,0.7630145956550625,0.771050198723996,0.8121291842112155,0.7925468335209196,0.7875412426698054,0.020209188208636732
1.0,1.0,0.0625,0.8140461121710323,0.7772170287781971,0.7796185973908988,0.8302243034492844,0.8099064770820538,0.8022025037742931,0.023017114881766797
1.0,1.0,0.125,0.8183927903520034,0.7818419891449317,0.7819553526248753,0.834197200957204,0.8130593593947828,0.8058893384947595,0.02323892895347341
1.0,1.0,0.25,0.8188410938974078,0.782833818334205,0.7820941718085304,0.8345300300873324,0.813243402014197,0.8063085032283345,0.023124704891569037
1.0,1.0,0.5,0.8188676420001866,0.7829670799084046,0.7820957375922623,0.8345378903895271,0.8132567305986547,0.8063450160978072,0.023097518947801245
1.0,1.0,1.0,0.818867992212466,0.782969914978313,0.7820957379746364,0.834537900455662,0.8132569059371559,0.8063456903116467,0.023096865154732728
2.0,0.015625,3.0517578125e-05,0.7258363327690633,0.696300062051442,0.679371353218718,0.719124943550949,0.7199273247969514,0.7081120032774247,0.019625146199005013
2.0,0.015625,6.103515625e-05,0.701072318707797,0.671573469629468,0.6574510740411206,0.6890963534489983,0.6903736623002408,0.6819133756255249,0.017288396223148282
2.0,0.015625,0.0001220703125,0.6580282412178388,0.6374787663046106,0.6266003482462568,0.6527128810498392,0.6461790431087374,0.6441998559854566,0.012475262870086748
2.0,0.015625,0.000244140625,0.6074907420526029,0.5860577022647748,0.5897030014245543,0.6220909968974034,0.6051530110186999,0.6020990907316071,0.0145693326827395
2.0,0.015625,0.00048828125,0.5633808412696041,0.5439321619499736,0.5605563721474851,0.593316760046253,0.5688547163482627,0.5660081703523157,0.017873423034873555
2.0,0.015625,0.0009765625,0.5303574888718001,0.5225749201061194,0.5350195911593192,0.5711021591822374,0.5412950910770387,0.540069850079303,0.018644121552872088
2.0,0.015625,0.001953125,0.5178287377471846,0.5099228248547716,0.5164642835849512,0.5496078847144401,0.5229611524952905,0.5233569766793277,0.015393293413707395
2.0,0.015625,0.00390625,0.5216563735191888,0.5089659606499733,0.5132115380517964,0.5425333973517341,0.5103100393313768,0.519335461780814,0.013874599921997955
2.0,0.015625,0.0078125,0.5368430884117964,0.5069377923817846,0.5124612269262538,0.5537468329625731,0.536709060591949,0.5293396002548714,0.019319968755355556
2.0,0.015625,0.015625,0.5689625464847015,0.534462417622902,0.5444828768030578,0.5794987532576257,0.563721538665146,0.5582256265666866,0.018381959149532195
2.0,0.015625,0.03125,0.6548164501661089,0.615624200896599,0.6209511613541294,0.6475141360105167,0.6427065820910274,0.6363225061036764,0.017122595094078825
2.0,0.015625,0.0625,0.729868544468933,0.6880086030599136,0.6892998242350765,0.7302124925863358,0.7242103584638669,0.7123199645628253,0.021739628801738922
2.0,0.015625,0.125,0.7560015842643205,0.7209738131639039,0.7107258061051412,0.7621755333793272,0.7544859622025146,0.7408725398230416,0.023306735429701134
2.0,0.015625,0.25,0.7587839414365207,0.7260131932497396,0.7122980438983721,0.7656621980358933,0.7584180171478756,0.7442350787536803,0.023579429033904552
2.0,0.015625,0.5,0.7589928533011805,0.726528744304741,0.7123298602780955,0.7657512762668423,0.7586415992004328,0.7444488666702583,0.02355586559452367
2.0,0.015625,1.0,0.7589961704086977,0.7265388726372419,0.7123301797805104,0.7657514058398428,0.7586444085149632,0.7444522074362512,0.023554795198513306
2.0,0.03125,3.0517578125e-05,0.7254558125456227,0.6963439655602763,0.6795934092214722,0.7190357629171765,0.7203542994992626,0.708156649948762,0.01950510839111167
2.0,0.03125,6.103515625e-05,0.7010190765488067,0.6723894653346871,0.6582858332049968,0.6878687054579506,0.6900891983183918,0.6819304557729666,0.016705553023565738
2.0,0.03125,0.0001220703125,0.6580239888165997,0.6372299885876829,0.6259301704730155,0.6531949688653429,0.6470609258358717,0.6442880085157026,0.012869790507881694
2.0,0.03125,0.000244140625,0.6074014951245021,0.5860074534218016,0.5891045883183644,0.621408847298619,0.6046480608887268,0.6017140890104027,0.01444417003964213
2.0,0.03125,0.00048828125,0.5630477809523946,0.543212253372129,0.5614571377825122,0.5927018028080352,0.5698482581946147,0.5660534466219371,0.01786348001113447
2.0,0.03125,0.0009765625,0.530153150913506,0.5246041509690298,0.5341458406909536,0.5702846261109975,0.5402143805489981,0.539880429846697,0.017926215705825956
2.0,0.03125,0.001953125,0.5175316175880894,0.5109653992930804,0.5145793391830472,0.5495161708484855,0.5221584555287433,0.5229501964882892,0.015406536442256638
2.0,0.03125,0.00390625,0.5221475458095395,0.508013421847137,0.5105821576227609,0.5425917046276896,0.509789544829109,0.5186248749472472,0.014510077808968545
2.0,0.03125,0.0078125,0.5363233707850805,0.5057939658385265,0.511216337618278,0.5537486450518213,0.5365035712579556,0.5287171781103324,0.01985453034753151
2.0,0.03125,0.015625,0.570137196018761,0.5346908647034928,0.5452931675249134,0.5808739098107194,0.5640676790308384,0.5590125634177451,0.018754979088858276
2.0,0.03125,0.03125,0.6557941857646734,0.6168549322035002,0.622071195005207,0.6490043851433805,0.6438690470546244,0.6375187490342771,0.017116205486041768
2.0,0.03125,0.0625,0.7305065636766607,0.6887355776214948,0.6899226488552948,0.7311957765383342,0.7251327444688277,0.7130986622321224,0.021829150246757956
2.0,0.03125,0.125,0.75608726294677,0.7211510007749038,0.710930882987787,0.7626167587305093,0.7547332629889903,0.741103833685792,0.02335376272960796
2.0,0.03125,0.25,0.7588232214945757,0.7261080530796359,0.7124579966560216,0.7660284343784197,0.7585803566438623,0.744399612450503,0.023620901260872216
2.0,0.03125,0.5,0.7590293498063061,0.7266188044140258,0.7124926318888257,0.7661157404247049,0.7588005508202654,0.7446114154708255,0.023595522327433248
2.0,0.03125,1.0,0.7590326238244369,0.7266288539169042,0.7124930229404066,0.7661158675885135,0.7588033236383391,0.7446147383817201,0.02359441974421758
2.0,0.0625,3.0517578125e-05,0.7257360513581035,0.6966470892031833,0.680189283858025,0.718868856453827,0.7204547981707032,0.7083792158087684,0.019296547933542546
2.0,0.0625,6.103515625e-05,0.7007213509469692,0.6731071025379659,0.6586954253525923,0.6883163051519632,0.6917958014159501,0.6825271970810881,0.016636853356241543
2.0,0.0625,0.0001220703125,0.6566877076222402,0.6344570839270409,0.6246655069862358,0.6530241319255816,0.6489756320972857,0.6435620125116769,0.013519435071042092
2.0,0.0625,0.000244140625,0.6058557210360158,0.5847950493292409,0.5877494399673474,0.6205252642627481,0.6066568149161782,0.6011164579023062,0.014789552744346858
2.0,0.0625,0.00048828125,0.5644175732842626,0.5445472618758567,0.5607814769672735,0.5922751400005335,0.5718017533180969,0.5667646410892047,0.01740026561300166
2.0,0.0625,0.0009765625,0.5296875629018138,0.5267055894577024,0.5311588810040435,0.5672104808765516,0.5387333362652201,0.5386991701010663,0.01654393400987389
2.0,0.0625,0.001953125,0.5184613157817055,0.5119223170092894,0.5141280250530278,0.5480763455252332,0.52045335401352,0.5226082714765552,0.01463359071483068
2.0,0.0625,0.00390625,0.5233935510354824,0.5057102640886944,0.507124154856548,0.5423348864476706,0.5088022256147119,0.5174730164086215,0.015602958074209103
2.0,0.0625,0.0078125,0.5355232259903882,0.5037879871755736,0.5093103051032485,0.5539394333260655,0.5360504061760907,0.5277222715542733,0.020793044300173494
2.0,0.0625,0.015625,0.5725467723153583,0.5356299756016812,0.5471182389217971,0.5836076976336622,0.5651296759365645,0.5608064720818128,0.019349704971051027
2.0,0.0625,0.03125,0.6577648903849335,0.6194985041776518,0.6243725611157873,0.6523268047786367,0.6463481977143604,0.6400621916342739,0.01711979774045699
2.0,0.0625,0.0625,0.7317859452587089,0.690257803937018,0.6912653521038132,0.7332460689471476,0.7269723113383059,0.7147054963169986,0.02198351282047675
2.0,0.0625,0.125,0.7563243595715952,0.7215201684806084,0.7113434578903796,0.7635016841515501,0.7552363359595895,0.7415852012107446,0.023457925479079822
2.0,0.0625,0.25,0.7589576751913013,0.7263080139364099,0.7128183130032789,0.7667568408658797,0.7589172160807479,0.7447516118155235,0.023699201263717447
2.0,0.0625,0.5,0.7591617300009211,0.7268090447133783,0.7128517353327054,0.7668404907263472,0.7591304101046445,0.7449586821755994,0.023672998125804194
2.0,0.0625,1.0,0.7591650095233726,0.7268189339781587,0.712852126327558,0.7668406132122338,0.7591331035177176,0.7449619573118081,0.023671893684522684
2.0,0.125,3.0517578125e-05,0.7263809401776238,0.6973065837743995,0.6808608198521996,0.7184893935061912,0.7222347751074086,0.7090545024835645,0.01933804238107553
2.0,0.125,6.103515625e-05,0.6967061152258096,0.6705868073797725,0.6578932504618064,0.6898185446453026,0.6886311142613657,0.6807271663948113,0.016005209729208433
2.0,0.125,0.0001220703125,0.6532296957579158,0.6283959101646873,0.6246634950675829,0.6501880889714287,0.6499417195388176,0.6412837819000864,0.013594875861316118
2.0,0.125,0.000244140625,0.6094473422252706,0.5814173176263092,0.5875094995811659,0.6190015556500479,0.6102268269233689,0.6015205084012326,0.01616066472246014
2.0,0.125,0.00048828125,0.56653698615698,0.5507190782089924,0.556548527082156,0.5929101807033599,0.5757999856568196,0.5685029515616615,0.016673324331050867
2.0,0.125,0.0009765625,0.532283078756301,0.527316360179632,0.5300884639263004,0.5637690407097536,0.5405048067881396,0.5387923500720253,0.014803666558720495
2.0,0.125,0.001953125,0.5202878169718874,0.5166132976430633,0.5181369999969525,0.5457754183853786,0.5183589631099208,0.5238344992214405,0.012334622350267914
2.0,0.125,0.00390625,0.5234200910023074,0.5045708507601908,0.5028299093886258,0.544594640381969,0.5150494432049486,0.5180929869476083,0.01699844503565413
2.0,0.125,0.0078125,0.5336809048233893,0.5022483322414029,0.5077724077722375,0.5576152938988341,0.5349006662947573,0.5272435210061243,0.02250777690587889
2.0,0.125,0.015625,0.5783155571042359,0.5388168953673054,0.5517805322878846,0.5897239295298875,0.5687222350022659,0.5654718298583159,0.020381535537891942
2.0,0.125,0.03125,0.6623184322443735,0.6249369155411248,0.6296381930345907,0.6595361897373488,0.6518524387620378,0.645656433863895,0.017281079021785314
2.0,0.125,0.0625,0.734578323219184,0.6934019824983146,0.6940224386813463,0.7374223799944275,0.7305957370407198,0.7180041722867985,0.02230867578863528
2.0,0.125,0.125,0.7570389541739391,0.7222770612985632,0.7123730393278688,0.7652799835761469,0.7563467148773539,0.7426631506507744,0.023656438190713173
2.0,0.125,0.25,0.7594616441281605,0.726732007298144,0.7136857055735104,0.7682494396699702,0.7596599389163073,0.7455577471172185,0.023860734420995497
2.0,0.125,0.5,0.7596558597876325,0.7272150349306689,0.7137208379115061,0.7683263126885,0.7598595434661046,0.7457555177568824,0.02383041150425363
2.0,0.125,1.0,0.7596590194821645,0.7272246425301978,0.7137213319004857,0.7683264259496756,0.759862079523832,0.7457586998772712,0.02382923987078089
2.0,0.25,3.0517578125e-05,0.724267944915493,0.6939035361262352,0.68134227761163,0.721080573383702,0.7218288489250115,0.7084846361924144,0.01959052443080256
2.0,0.25,6.103515625e-05,0.7014898519938944,0.6698206460885593,0.6599941132770913,0.6937742997450922,0.6972440790127938,0.6844645980234862,0.01839221917859724
2.0,0.25,0.0001220703125,0.6593472229342815,0.6309286705823008,0.6302658744958849,0.6574013878120435,0.6547443632918639,0.646537503823275,0.014644683484749633
2.0,0.25,0.000244140625,0.6120353852200084,0.5882500547073684,0.5933237014575511,0.6169229240921184,0.608344797167205,0.6037753725288502,0.012371726687624759
2.0,0.25,0.00048828125,0.5673155376783654,0.5562490201941692,0.5586641956944833,0.5885393810678592,0.5782280308331268,0.5697992330936008,0.013564695424577982
2.0,0.25,0.0009765625,0.5424302956693245,0.526651436597975,0.5296586000336504,0.5610719783637519,0.5481168248394757,0.5415858271008355,0.01403898068656224
2.0,0.25,0.001953125,0.5246260318743229,0.5156744701106938,0.5202479744924126,0.5529446244068095,0.5243027959496525,0.5275591793667782,0.014648619712014536
2.0,0.25,0.00390625,0.5247336385800133,0.5007879722218566,0.5044034998820879,0.5506897488198982,0.5263089240655421,0.5213847567138796,0.020042677036716073
2.0,0.25,0.0078125,0.538300044005554,0.5043794345159266,0.5169367990505294,0.5720437712176198,0.5368047336883441,0.5336929564955948,0.025698953216235977
2.0,0.25,0.015625,0.594478442224085,0.5523382445056789,0.5675807151655191,0.606794831046565,0.5795765791013654,0.5801537624086427,0.021488721947474795
2.0,0.25,0.03125,0.6750569680234174,0.6360376347094063,0.6410605644822316,0.6748666586652785,0.6651266499648204,0.6584296951690309,0.018672039574793634
2.0,0.25,0.0625,0.741338853245942,0.700854074734136,0.7000938102939835,0.7469769285217236,0.7383064655033886,0.7255140264598348,0.023070697938315433
2.0,0.25,0.125,0.7592154989126071,0.724455076375409,0.7152343948458032,0.7698489350540823,0.7594122719946851,0.7456332354365174,0.024152348581714757
2.0,0.25,0.25,0.7613509943376455,0.7283423478372331,0.7162744535489729,0.7722349300291103,0.7620425937883177,0.7480490639082559,0.024267760884847618
2.0,0.25,0.5,0.7615342659793164,0.7287930479718945,0.7163088374455577,0.7722975187607086,0.762207454916718,0.7482282250148391,0.024230011894918062
2.0,0.25,1.0,0.7615372666602855,0.7288021373051304,0.7163094055881911,0.7722976138079551,0.762210012132124,0.7482312870987371,0.024228806758701243
2.0,0.5,3.0517578125e-05,0.7251659974536857,0.6931720459258673,0.6843849631051049,0.7232569930632073,0.723877260290184,0.7099714519676099,0.019606375082494437
2.0,0.5,6.103515625e-05,0.7024744721913191,0.6734818874381646,0.6665010011031006,0.6992294230713461,0.6987931766001034,0.6880959920808069,0.01677080366576602
2.0,0.5,0.0001220703125,0.6693774020866509,0.6445259971142996,0.6436359271105035,0.6642006230648368,0.6634425103564336,0.6570364919465449,0.01204935193803662
2.0,0.5,0.000244140625,0.627299679101199,0.6048757472360476,0.6122273382601195,0.6287579810524406,0.6248907143607345,0.6196102920021083,0.010515519062629566
2.0,0.5,0.00048828125,0.587992259735417,0.5640045417406759,0.5761435229414673,0.6011407260359064,0.5805699150470309,0.5819701931000996,0.013806249600586865
2.0,0.5,0.0009765625,0.5643506210469269,0.538570561508373,0.5507034029707859,0.5813609018263397,0.5585879988890414,0.5587146972482935,0.01592637209189626
2.0,0.5,0.001953125,0.5540743820132197,0.5193675885903449,0.5314573219610973,0.5703695236505147,0.5483992053481339,0.5447336043126622,0.019859390385927548
2.0,0.5,0.00390625,0.5507375561900746,0.511642814734896,0.529771692798116,0.5778335177741262,0.5452762598947051,0.5430523682783835,0.02468133182396026
2.0,0.5,0.0078125,0.5862836736430608,0.5345830845616923,0.5552505850838574,0.6029574856389308,0.5645614220598578,0.5687272501974798,0.0266680318743188
2.0,0.5,0.015625,0.6466614700403107,0.6007832810449685,0.6123262395228211,0.6501318807167459,0.6224245712202021,0.6264654885090095,0.021469740012384424
2.0,0.5,0.03125,0.7131562820122185,0.6740412868282541,0.6745271389249743,0.7174883571639088,0.7025572095734396,0.696354054900559,0.02086699892186104
2.0,0.5,0.0625,0.7602826303069758,0.7210844142004523,0.7205297542409788,0.7723689006256259,0.7608882237341135,0.7470307846216292,0.02441914671280266
2.0,0.5,0.125,0.7727819094321569,0.7349808581238867,0.729182114962466,0.7873414595680174,0.7737040262951039,0.7595980736763261,0.025853552615132648
2.0,0.5,0.25,0.774318338772509,0.737805725317364,0.7296989197259169,0.7888653602543403,0.775250942556289,0.7611878573252838,0.025857790731281458
2.0,0.5,0.5,0.774507950075444,0.7382009891519339,0.7297656375909723,0.7889043717131338,0.7753579764356883,0.7613473849934345,0.025797514765736673
2.0,0.5,1.0,0.7745113782129264,0.7382092322102758,0.7297670920340542,0.7889044303511492,0.7753594262331095,0.761350311808303,0.02579587050681843
2.0,1.0,3.0517578125e-05,0.7448430256344739,0.7207577161494603,0.7123646986483435,0.7568900849808269,0.7440734821283234,0.7357858015082857,0.018510140116631102
2.0,1.0,6.103515625e-05,0.7344082848769722,0.7115760688730055,0.7057302252216342,0.7478726623062403,0.7320334095163072,0.7263241301588319,0.01734865195230773
2.0,1.0,0.0001220703125,0.718161779256238,0.6992791845729973,0.6978379021160871,0.7311640250500789,0.7168676091984842,0.7126621000387772,0.014045580072806563
2.0,1.0,0.000244140625,0.7026786789173399,0.6834249254043516,0.6875083588246615,0.7188587954696067,0.703497877670737,0.6991937272573394,0.014164996063651354
2.0,1.0,0.00048828125,0.6897457714430654,0.6669729182098945,0.6823450431769131,0.7064184307115455,0.6875552253162257,0.6866074777715289,0.014203038819400464
2.0,1.0,0.0009765625,0.6835872120510812,0.6607256106709191,0.6779497422282506,0.6959018653808102,0.6748948721390049,0.6786118604940132,0.012824495388368532
2.0,1.0,0.001953125,0.6731725011339298,0.6520034207296087,0.6768696053413017,0.6970688760047175,0.6649430931582864,0.6728114992735689,0.016582421570473755
2.0,1.0,0.00390625,0.6805305963248542,0.6641768881937022,0.6874939259584488,0.7099927153015698,0.6731949268998085,0.6830778105356767,0.017358850253959925
2.0,1.0,0.0078125,0.7162807265976178,0.6994058720471763,0.7217784781142815,0.7362446525795698,0.7072679886090864,0.7161955435895464,0.01409554445362072
2.0,1.0,0.015625,0.7647714155843294,0.7447517276376078,0.7542233967006277,0.7765236397599079,0.7574680857126252,0.7595476530790195,0.011906547931533458
2.0,1.0,0.03125,0.8131657882407215,0.7841300900811361,0.7880650793431594,0.8278014054951441,0.8065292716922116,0.8039383269704745,0.018066763625659177
2.0,1.0,0.0625,0.838466909003909,0.8034529368069926,0.8057126742556986,0.8559941636484234,0.8388837511196255,0.8285020869669297,0.022965779784970653
2.0,1.0,0.125,0.8442484509022151,0.80894679731297,0.8096154646132923,0.861506922556988,0.8444556021977461,0.8337546475166423,0.023414465045492293
2.0,1.0,0.25,0.8448376639923973,0.8103262863715301,0.8098272909028967,0.8619378277590528,0.8447987365635623,0.8343455611178878,0.023231215054861122
2.0,1.0,0.5,0.8448734673118443,0.8105096102675566,0.8098297912039846,0.8619470865875929,0.8448190258454014,0.8343957962432759,0.023192333809115295
2.0,1.0,1.0,0.8448739543936798,0.8105135348748955,0.8098297921441295,0.8619470967400604,0.8448193261101345,0.8343967408525799,0.02319141486186088
4.0,0.015625,3.0517578125e-05,0.7008307253738959,0.671398903068643,0.6572822784035119,0.6887780764270202,0.6900450012102329,0.6816669968966609,0.01723408791005208
4.0,0.015625,6.103515625e-05,0.6573375104956541,0.6368961973936598,0.6260470290162277,0.6521424708582064,0.6455813531310625,0.6436009121789621,0.012436503917832577
4.0,0.015625,0.0001220703125,0.6059856872752654,0.5840536908052893,0.589318146616786,0.6215104820131176,0.6038094180257152,0.6009354849472347,0.014807532394780151
4.0,0.015625,0.000244140625,0.5593700193297592,0.5426183627525614,0.560354378187166,0.5930201524402812,0.5679761575399133,0.5646678140499362,0.018355182437141387
4.0,0.015625,0.00048828125,0.525708996199733,0.5203350029416687,0.5352513796380951,0.5730982238452567,0.5411252853888315,0.539103777602717,0.020653310329430238
4.0,0.015625,0.0009765625,0.5109879581517082,0.5091493381841947,0.5195016382553909,0.5452839712951366,0.5219727372344055,0.5213791286241671,0.014429683315860954
4.0,0.015625,0.001953125,0.5158912823995596,0.5102639986707729,0.5212621199372924,0.5300457846702472,0.5071142530792312,0.5169154877514206,0.009119394349789476
4.0,0.015625,0.00390625,0.5330517855443067,0.5027383778316538,0.5180167449064843,0.5403442699201115,0.5260386767099434,0.5240379709824998,0.014500645617137889
4.0,0.015625,0.0078125,0.5354974923677591,0.5077984242440797,0.5211087218373331,0.5564322730979712,0.5311032678551441,0.5303880358804575,0.018036883167614256
4.0,0.015625,0.015625,0.5696752864212825,0.5385358669501319,0.5481682315774026,0.5791961773381273,0.5573677855304928,0.5585886695634874,0.01627708072972124
4.0,0.015625,0.03125,0.6573300235645685,0.6192843058157194,0.6230747240064733,0.652569066164528,0.6443434783576802,0.6393203195817938,0.01725160913422023
4.0,0.015625,0.0625,0.7340793746585643,0.6933815235084884,0.6931512960473479,0.7359010974046324,0.7295998538068138,0.7172226290851693,0.021988963886650073
4.0,0.015625,0.125,0.758650185832174,0.7236906943904601,0.7143420115963617,0.7681788933965386,0.7586969415701762,0.7447117453571421,0.024004052707514566
4.0,0.015625,0.25,0.761548225523546,0.7291765083607598,0.7160168796558135,0.7716374747229128,0.7624134178332602,0.7481585012192584,0.024120268712278462
4.0,0.015625,0.5,0.7617819639802974,0.7297925954519711,0.7160658061761991,0.7717256849900355,0.7626345357359353,0.7484001172668877,0.024070324790197255
4.0,0.015625,1.0,0.761785735750077,0.729805033837172,0.7160665399702909,0.7717258122572611,0.7626373960722687,0.7484041035774138,0.024068652880060146
4.0,0.03125,3.0517578125e-05,0.7007734253216479,0.6722086101665641,0.6580950548066717,0.6875955395487213,0.6897664577522341,0.6816878175191677,0.01666508218720867
4.0,0.03125,6.103515625e-05,0.6572005444730029,0.6366754900684403,0.6253737335736852,0.6526211040534117,0.646679833259122,0.6437101410855324,0.012805520992430113
4.0,0.03125,0.0001220703125,0.6058655728347436,0.5842013059187225,0.5887676894253165,0.6204176621243417,0.6035231399884461,0.6005550740583142,0.01447343589261477
4.0,0.03125,0.000244140625,0.5598684960530165,0.5418524423831125,0.5613168211970938,0.5924498573238481,0.5690725625116767,0.5649120358937495,0.01834222796288938
4.0,0.03125,0.00048828125,0.5243485529009764,0.5226019190371296,0.5341199182128616,0.5720833043527431,0.5397878149172771,0.5385883018841976,0.02001034333886378
4.0,0.03125,0.0009765625,0.5114482646363923,0.5108242655793159,0.5185758474420443,0.544638123767475,0.5205070419726712,0.5211987086795797,0.013779189129330193
4.0,0.03125,0.001953125,0.5168985132062833,0.5069850943210198,0.5193239826569855,0.5290754841018472,0.5070875503380357,0.5158741249248344,0.009266141752216564
4.0,0.03125,0.00390625,0.5329335872510965,0.5004029907826466,0.5156308821100615,0.5403976213119998,0.5276412356687635,0.5234012634249136,0.015708422214595563
4.0,0.03125,0.0078125,0.5351363122064957,0.5063652554900632,0.5202005946179655,0.5569188559153528,0.5301156956478734,0.5297473427755501,0.01874386704953891
4.0,0.03125,0.015625,0.5710015436325865,0.5388842785829402,0.5485414472690184,0.5804541721524938,0.5581980782770363,0.559415903982815,0.016719153114798865
4.0,0.03125,0.03125,0.6583302797870998,0.620527700059607,0.6241386747016864,0.6541469812642273,0.645525276130322,0.6405337823885884,0.017291561520549413
4.0,0.03125,0.0625,0.7346455950189225,0.6941218970303493,0.6937665583380218,0.736897948664692,0.7303852412224797,0.7179634480548931,0.022051186551955704
4.0,0.03125,0.125,0.7587475469782262,0.723863939541039,0.7145381739861898,0.7685642250317287,0.7589094503362843,0.7449246671746936,0.024043544240448946
4.0,0.03125,0.25,0.761598060966867,0.7292533047760471,0.7161626231642823,0.7719468607533996,0.7625419433385371,0.7483005585998266,0.024157985151405895
4.0,0.03125,0.5,0.7618286343986519,0.729862613079939,0.7162109448586231,0.7720333015383616,0.7627594670244598,0.7485389921800071,0.024107720999870883
4.0,0.03125,1.0,0.7618323582027969,0.7298749257198883,0.7162116793050481,0.7720334264428481,0.7627622851258111,0.7485429349592785,0.02410604976237633
4.0,0.0625,3.0517578125e-05,0.7004727732937712,0.6728512614338645,0.6584865228598429,0.6880521965034534,0.6915386355712365,0.6822802779324337,0.0166211330105342
4.0,0.0625,6.103515625e-05,0.6558362258345122,0.633898552763123,0.624058326407927,0.652437697858293,0.6485282828692231,0.6429518171466156,0.013472309363641605
4.0,0.0625,0.0001220703125,0.603968572664045,0.5828283253669626,0.587220619861531,0.619358101912281,0.6059360267470517,0.5998623293103742,0.014864439886102872
4.0,0.0625,0.000244140625,0.5610468354781777,0.5435443236465529,0.5599153370634478,0.5914144153253846,0.5707064927001265,0.5653254808427379,0.017546958865586767
4.0,0.0625,0.00048828125,0.522402515770919,0.5247292488790402,0.5314317084114129,0.5668180882520847,0.5381030096439243,0.5366969141914761,0.017920236203475347
4.0,0.0625,0.0009765625,0.5136142292715843,0.5130535457104699,0.5182553739828294,0.5433692803575085,0.5195627311862088,0.5215710321017202,0.012510483344503345
4.0,0.0625,0.001953125,0.5194444348154608,0.5025372293208418,0.5167083272265703,0.5301408654482191,0.5069448083893424,0.5151551330400869,0.010862822179894815
4.0,0.0625,0.00390625,0.5312033682430062,0.49714274190817226,0.5119890400804052,0.5414917928911958,0.5298823920824665,0.5223418670410492,0.01763719305231181
4.0,0.0625,0.0078125,0.5343611090724735,0.5038151919938618,0.5184043235414384,0.5582350099619495,0.528063895988348,0.5285759061116142,0.020186302437993714
4.0,0.0625,0.015625,0.5738401838031995,0.5397353351144909,0.5496269856281121,0.583276810661232,0.5602005486986539,0.5613359727811377,0.01762620758818667
4.0,0.0625,0.03125,0.6604509112358584,0.6230654552315024,0.6263988423953742,0.6573887202729328,0.64785615514296,0.6430320168557255,0.017379090887993984
4.0,0.0625,0.0625,0.7358614897333432,0.6955862499182885,0.6950600967953399,0.7388888272283983,0.7319590643545653,0.719471145605987,0.022181216157605155
4.0,0.0625,0.125,0.7589980209096621,0.7242198391046117,0.7149688468131482,0.7693320888237518,0.7593734424135793,0.7453784476129506,0.024122396845682677
4.0,0.0625,0.25,0.7617484575614709,0.7294142850880225,0.7164872760483312,0.772573582576759,0.7628334362540897,0.7486114075057346,0.02423594103306876
4.0,0.0625,0.5,0.761977979752449,0.730009600396783,0.7165342378714106,0.7726566333252362,0.7630414976625032,0.7488439898016763,0.024185570114821787
4.0,0.0625,1.0,0.7619817379765405,0.7300216545755029,0.7165349696563419,0.7726567536357397,0.7630441906228225,0.7488478612933894,0.024183914401207554
4.0,0.125,3.0517578125e-05,0.696378909386639,0.6703354378424073,0.6576381974415988,0.6894823771295189,0.688330239566555,0.6804330322733437,0.015969450762068012
4.0,0.125,6.103515625e-05,0.6525516269519861,0.627804221024338,0.6243267761133839,0.6497976845748862,0.6493238232558813,0.640760826384095,0.013527419655714242
4.0,0.125,0.0001220703125,0.608219740036885,0.5804574436323545,0.5867339729207581,0.6185046651414513,0.6096301206699831,0.6007091884802864,0.016264303126299118
4.0,0.125,0.000244140625,0.5633062657572045,0.5487788365492029,0.5551499961224384,0.5917049716573517,0.573992812621667,0.5665865765415729,0.01691491590451823
4.0,0.125,0.00048828125,0.526114001285914,0.5267506070516836,0.5304669814945945,0.5622692529188756,0.5388541546428783,0.5368909994787893,0.01506775515425026
4.0,0.125,0.0009765625,0.516707397921012,0.5156027208877241,0.5214676364404978,0.5435849566097998,0.516093862624865,0.5226913148967797,0.011912424783337712
4.0,0.125,0.001953125,0.5230391214842249,0.4961843481239715,0.5159445951633981,0.536989967303192,0.5124644786678056,0.5169245021485185,0.014924957936322165
4.0,0.125,0.00390625,0.5266648546236139,0.49387350168136296,0.5084864997776103,0.545860590967988,0.5304084384709862,0.5210587771043123,0.02019328849366435
4.0,0.125,0.0078125,0.5321097578827919,0.5004332353202494,0.5174480678248394,0.5620634747827671,0.5269200487317652,0.5277949169084827,0.022635349627512617
4.0,0.125,0.015625,0.580000687150382,0.5432020994905777,0.5541674350258088,0.5899392713196558,0.5646200549612056,0.566385909589526,0.01890781208097987
4.0,0.125,0.03125,0.6649818608444136,0.6284761028284528,0.6314222858757896,0.663878623814353,0.6533958247599934,0.6484309396246004,0.01749788443188392
4.0,0.125,0.0625,0.7385262831525988,0.6985583220751336,0.6976924873182502,0.743117041603317,0.7353455568875064,0.7226479382073612,0.022557812874132818
4.0,0.125,0.125,0.759866601095387,0.7250205515675617,0.7159792373133378,0.7709391090888172,0.7605312806401594,0.7464673559410526,0.024319186078411555
4.0,0.125,0.25,0.7624627986089338,0.7298585218286859,0.717299151463891,0.7738898739274583,0.7636361994655257,0.749429309058899,0.02442022501153547
4.0,0.125,0.5,0.7626837218177054,0.7304274299218112,0.7173488365335534,0.7739659128636645,0.7638281482495155,0.7496508098772499,0.024367159092810595
4.0,0.125,1.0,0.7626874155174408,0.7304389852491704,0.7173497958192925,0.7739660238547801,0.7638306361429669,0.7496545713167302,0.024365445995749614
4.0,0.25,3.0517578125e-05,0.7012326620636908,0.6695788432426163,0.6597824322611411,0.693501266372171,0.6970006842494595,0.6842191776378157,0.01837441598155655
4.0,0.25,6.103515625e-05,0.658330395954005,0.6301543288763976,0.6297744987469117,0.6567614698759561,0.6538698033890731,0.6457780993684686,0.014524872533660037
4.0,0.25,0.0001220703125,0.6104633804264401,0.5872627179475949,0.5924629938989062,0.6164128141226439,0.6077539306669504,0.6028711674125071,0.012417860540950443
4.0,0.25,0.000244140625,0.564707722149889,0.5552885248060513,0.5575848186132478,0.5874899921627458,0.5775712499228791,0.5685284615309626,0.013701906436781187
4.0,0.25,0.00048828125,0.5402043807657965,0.5279755760449389,0.5281911300322083,0.5609789947504511,0.5448308041002365,0.5404361771387262,0.013661822621609334
4.0,0.25,0.0009765625,0.5220031949034877,0.5159323753036483,0.520165884068124,0.5510666535304254,0.5208718233999867,0.5260079862411345,0.014195099702606354
4.0,0.25,0.001953125,0.5258470108499562,0.49981797242198106,0.5064053971257482,0.5444951200716717,0.5249428359011931,0.52030166727411,0.017679808530484918
4.0,0.25,0.00390625,0.5178166909934601,0.4901944906768683,0.5037861316426355,0.5609474500475073,0.5298903302156084,0.5205270187152159,0.027060803318061433
4.0,0.25,0.0078125,0.5362396306769353,0.5014226348715285,0.5228931232669702,0.5702270099354295,0.5294557689839663,0.5320476335469659,0.025018248268012622
4.0,0.25,0.015625,0.5966180898838188,0.5572560949114156,0.5695959909169124,0.6078594336874978,0.576842033768926,0.5816343286337141,0.020460053645799607
4.0,0.25,0.03125,0.6765617393074317,0.6396481953987765,0.6426853890646368,0.6779768778724521,0.6661196086498979,0.660598362058639,0.018351501802029577
4.0,0.25,0.0625,0.7444507664326483,0.7054201867616917,0.7032444545480239,0.7520763886143578,0.7425621382821246,0.7295507869277692,0.02330781184658848
4.0,0.25,0.125,0.7625174569469011,0.7273004550413059,0.7186895497277461,0.7749873569865292,0.763763909971468,0.7494517457347901,0.024822422722101996
4.0,0.25,0.25,0.7647762296665099,0.7315194361041171,0.7197389876683626,0.7773613849913964,0.766299311316807,0.7519390699494386,0.0248551305021131
4.0,0.25,0.5,0.7649805728396776,0.7320379227960405,0.7197914081939687,0.7774235809199048,0.7664622899016789,0.7521391549302541,0.02479814841469339
4.0,0.25,1.0,0.7649840673575425,0.7320485587186226,0.719792432217884,0.7774236740964925,0.7664644267686453,0.7521426318318374,0.02479644411958067
4.0,0.5,3.0517578125e-05,0.7022290794312709,0.673308764645408,0.6663276147361509,0.6990110998789296,0.6985303498757813,0.6878813817135081,0.016733601064107623
4.0,0.5,6.103515625e-05,0.6686665660812948,0.644052718075915,0.643264892847308,0.6635418265759794,0.662864501408425,0.6564781009977845,0.011918683030477061
4.0,0.5,0.0001220703125,0.6258293452455601,0.6037249956477657,0.6111967608639042,0.6274883512482179,0.6236586803261475,0.6183796266663191,0.010400569087645781
4.0,0.5,0.000244140625,0.5852040377439062,0.5622741650745907,0.5744669619070237,0.5986469250608278,0.5779306494847668,0.5797045478542231,0.013448562275462667
4.0,0.5,0.00048828125,0.560767777121626,0.537142486306363,0.5474650173720229,0.579774266303517,0.5571206397364504,0.5564540373679958,0.015942272986300077
4.0,0.5,0.0009765625,0.5452894355269645,0.5173870619847063,0.5283337157857798,0.5596632281876759,0.5448662242114494,0.5391079331393152,0.016445128805070514
4.0,0.5,0.001953125,0.5318784116959827,0.5047037331028724,0.5235258002184217,0.5632288550896785,0.5354532288775664,0.5317580057969042,0.021235503326353808
4.0,0.5,0.00390625,0.5446854001817818,0.49902882944689725,0.526697446396742,0.5796220699262815,0.5391790366481598,0.5378425565199725,0.02926114026291127
4.0,0.5,0.0078125,0.5856845644180382,0.5373580225278296,0.5587540218718786,0.600117228809921,0.5619119893097636,0.5687651653874861,0.02450926143240886
4.0,0.5,0.015625,0.647596719202779,0.6041773003374318,0.6144388411395575,0.6519851135650249,0.6218403132361225,0.6280076574961831,0.020908638005221906
4.0,0.5,0.03125,0.713235035679828,0.67516193366735,0.6749805525048425,0.7177131847091377,0.7023538442923536,0.6966889101707023,0.02050944524943734
4.0,0.5,0.0625,0.7607348423402407,0.7235697023796146,0.7222197928472986,0.7742773246295411,0.7620893923443477,0.7485782109082085,0.024036284338136506
4.0,0.5,0.125,0.7735925694767216,0.7369846262603869,0.7312063506234869,0.7897940549202929,0.7755027181406242,0.7614160638843025,0.02579502573893893
4.0,0.5,0.25,0.7751352755538035,0.7398919175603338,0.7317179739626936,0.7913320361127448,0.7771000750231896,0.763035455642553,0.025794009189365925
4.0,0.5,0.5,0.7753220493217531,0.740313477771376,0.7317906519285949,0.7913709710812518,0.7772129644194706,0.7632020229044894,0.02572572102377478
4.0,0.5,1.0,0.7753254600217321,0.7403223430365419,0.731792275035644,0.7913710285175835,0.7772145164797521,0.7632051246182507,0.02572388260403209
4.0,1.0,3.0517578125e-05,0.7342929689094477,0.7115196640529751,0.7056635349212075,0.7477652271290113,0.7319231920810377,0.7262329174187359,0.017324573141633826
4.0,1.0,6.103515625e-05,0.7178338094274085,0.6990175053185549,0.6976669515302045,0.730929954694256,0.7165694590012293,0.7124035359943306,0.014021623593787884
4.0,1.0,0.0001220703125,0.7021756821210585,0.6826161687893377,0.68711987420682,0.7183121199626786,0.7029033181642033,0.6986254326488195,0.014205145525269192
4.0,1.0,0.000244140625,0.6880327571326363,0.6654650432430199,0.6815789556286416,0.7043855152510895,0.6858046441933321,0.685053383089744,0.013954811902800547
4.0,1.0,0.00048828125,0.6773795336386226,0.655416530312217,0.673827789492697,0.6900851516316148,0.6680476649148226,0.6729513339979947,0.012702953827453093
4.0,1.0,0.0009765625,0.6596390251679083,0.6346213109276398,0.6641195549937811,0.6847542516711159,0.6488256353369364,0.6583919556194763,0.01861376683384588
4.0,1.0,0.001953125,0.6522380498284622,0.6321395933102615,0.6591952768397114,0.687499420247692,0.6447031386515067,0.6551550957755268,0.020675736426427293
4.0,1.0,0.00390625,0.6781431347242131,0.6675434727968067,0.6921845430525049,0.7075813794779238,0.6704055620784443,0.6831716184259785,0.016655074480098033
4.0,1.0,0.0078125,0.7160809326343868,0.7028293448466755,0.72311974720329,0.7368939304031108,0.7064889224801942,0.7170825755135315,0.013650280052650577
4.0,1.0,0.015625,0.7647714155843294,0.7447517276376078,0.7542233967006277,0.7765236397599079,0.7574680857126252,0.7595476530790195,0.011906547931533458
4.0,1.0,0.03125,0.8131657882407215,0.7841300900811361,0.7880650793431594,0.8278014054951441,0.8065292716922116,0.8039383269704745,0.018066763625659177
4.0,1.0,0.0625,0.838466909003909,0.8034529368069926,0.8057126742556986,0.8559941636484234,0.8388837511196255,0.8285020869669297,0.022965779784970653
4.0,1.0,0.125,0.8442484509022151,0.80894679731297,0.8096154646132923,0.861506922556988,0.8444556021977461,0.8337546475166423,0.023414465045492293
4.0,1.0,0.25,0.8448376639923973,0.8103262863715301,0.8098272909028967,0.8619378277590528,0.8447987365635623,0.8343455611178878,0.023231215054861122
4.0,1.0,0.5,0.8448734673118443,0.8105096102675566,0.8098297912039846,0.8619470865875929,0.8448190258454014,0.8343957962432759,0.023192333809115295
4.0,1.0,1.0,0.8448739543936798,0.8105135348748955,0.8098297921441295,0.8619470967400604,0.8448193261101345,0.8343967408525799,0.02319141486186088
8.0,0.015625,3.0517578125e-05,0.6569871723211324,0.6366064517723771,0.6257539858563372,0.6518459710966967,0.6452927731003671,0.6432972708293822,0.012419839126642913
8.0,0.015625,6.103515625e-05,0.6051778152880327,0.5831233295820936,0.5891129567230198,0.6212166332042937,0.603434315553411,0.6004130100701701,0.014926877169405618
8.0,0.015625,0.0001220703125,0.5576411220125576,0.5420322045831587,0.5605294209483868,0.593405642638035,0.5677827977520756,0.5642782375868427,0.018799458640504377
8.0,0.015625,0.000244140625,0.5236666298562117,0.5190370635054425,0.5354835837637109,0.5745512811019065,0.5422371111606323,0.5389951338775808,0.02191100531043883
8.0,0.015625,0.00048828125,0.5077249480218273,0.5091902513699488,0.5210128419366244,0.5470591453772269,0.5219137246429334,0.5213801822697122,0.015770927290167904
8.0,0.015625,0.0009765625,0.5118096065346545,0.5181257752525126,0.5265504484835887,0.5274228151394548,0.5122050669345627,0.5192227424689546,0.007522336050037107
8.0,0.015625,0.001953125,0.5385264469932183,0.5123535965713143,0.5341021127261552,0.5346752272365246,0.532440978760829,0.5304196724576082,0.010342372591428919
8.0,0.015625,0.00390625,0.5404167541259907,0.5102296894276497,0.5335114873323602,0.5529164588926851,0.5530625696618967,0.5380273918881165,0.017653297106325717
8.0,0.015625,0.0078125,0.5356196766110455,0.5154922795104901,0.526342411451044,0.5558194304562549,0.5240779971133499,0.5314703590284369,0.01538128734794553
8.0,0.015625,0.015625,0.5715284521720089,0.5417659265277572,0.5516319756548768,0.5791658068785047,0.5573677855304928,0.5602919893527281,0.015076810784455606
8.0,0.015625,0.03125,0.6573300235645685,0.6192843058157194,0.6230747240064733,0.652569066164528,0.6443434783576802,0.6393203195817938,0.01725160913422023
8.0,0.015625,0.0625,0.7340793746585643,0.6933815235084884,0.6931512960473479,0.7359010974046324,0.7295998538068138,0.7172226290851693,0.021988963886650073
8.0,0.015625,0.125,0.758650185832174,0.7236906943904601,0.7143420115963617,0.7681788933965386,0.7586969415701762,0.7447117453571421,0.024004052707514566
8.0,0.015625,0.25,0.761548225523546,0.7291765083607598,0.7160168796558135,0.7716374747229128,0.7624134178332602,0.7481585012192584,0.024120268712278462
8.0,0.015625,0.5,0.7617819639802974,0.7297925954519711,0.7160658061761991,0.7717256849900355,0.7626345357359353,0.7484001172668877,0.024070324790197255
8.0,0.015625,1.0,0.761785735750077,0.729805033837172,0.7160665399702909,0.7717258122572611,0.7626373960722687,0.7484041035774138,0.024068652880060146
8.0,0.03125,3.0517578125e-05,0.6567822056957587,0.6363094955318933,0.6250637701547568,0.6523635012935572,0.6464592039581961,0.6433956353268324,0.012799208929451583
8.0,0.03125,6.103515625e-05,0.6049982501609743,0.5833032208671285,0.5886360949357303,0.6200674194686414,0.603191636502135,0.6000393243869219,0.014541177841293001
8.0,0.03125,0.0001220703125,0.558103134961375,0.5415100668327517,0.5612690838367604,0.5927322115586975,0.5687816325655195,0.5644792259510207,0.018676748363449288
8.0,0.03125,0.000244140625,0.5217932792917037,0.5207334712497461,0.5345579386906851,0.5730749349298584,0.5413632534568071,0.5383045755237601,0.021293997394555248
8.0,0.03125,0.00048828125,0.5077157106530902,0.5096347235267468,0.5206392721027282,0.5451943863698346,0.5200669227627797,0.5206502030830359,0.014928154213679986
8.0,0.03125,0.0009765625,0.513140546321714,0.5145899566534993,0.5248851045704721,0.5261082160496807,0.5131543365008456,0.5183756320192423,0.0065415112131810465
8.0,0.03125,0.001953125,0.5389837175372358,0.5086479072223846,0.5323015971745357,0.5343170051145482,0.533641514446767,0.5295783482990943,0.01196792177204577
8.0,0.03125,0.00390625,0.5386560293259164,0.5096341707129988,0.5312582342572223,0.552783064679069,0.5511892344413153,0.5367041466833044,0.017568443146077358
8.0,0.03125,0.0078125,0.5349345107452123,0.5135909595455351,0.5252858417670437,0.5560060141418137,0.523556358692294,0.5306747369783797,0.01605760121930463
8.0,0.03125,0.015625,0.5728513100950194,0.5420503688070001,0.5519720582440045,0.5804060263640962,0.5581980782770363,0.5610955683574314,0.015535803517195166
8.0,0.03125,0.03125,0.6583302797870998,0.620527700059607,0.6241386747016864,0.6541469812642273,0.645525276130322,0.6405337823885884,0.017291561520549413
8.0,0.03125,0.0625,0.7346455950189225,0.6941218970303493,0.6937665583380218,0.736897948664692,0.7303852412224797,0.7179634480548931,0.022051186551955704
8.0,0.03125,0.125,0.7587475469782262,0.723863939541039,0.7145381739861898,0.7685642250317287,0.7589094503362843,0.7449246671746936,0.024043544240448946
8.0,0.03125,0.25,0.761598060966867,0.7292533047760471,0.7161626231642823,0.7719468607533996,0.7625419433385371,0.7483005585998266,0.024157985151405895
8.0,0.03125,0.5,0.7618286343986519,0.729862613079939,0.7162109448586231,0.7720333015383616,0.7627594670244598,0.7485389921800071,0.024107720999870883
8.0,0.03125,1.0,0.7618323582027969,0.7298749257198883,0.7162116793050481,0.7720334264428481,0.7627622851258111,0.7485429349592785,0.02410604976237633
8.0,0.0625,3.0517578125e-05,0.6554260556513551,0.6336060425756668,0.6237342599928553,0.652128483187743,0.6483178648407221,0.6426425412496684,0.013460981029867484
8.0,0.0625,6.103515625e-05,0.6030169433647417,0.581910195923079,0.5870199843385536,0.6188030828570625,0.6056448673722715,0.5992790147711418,0.014896686875424465
8.0,0.0625,0.0001220703125,0.5590587517982124,0.543370489869359,0.5596270081219186,0.591637624230023,0.5702933624473416,0.564797447293371,0.017814185029301054
8.0,0.0625,0.000244140625,0.5195898040138921,0.5235900399823011,0.5316154039451578,0.5674533318272655,0.5389637211051428,0.5362424601747519,0.01897582747636407
8.0,0.0625,0.00048828125,0.510029911405058,0.5122896912834431,0.52175525687766,0.5418276529967948,0.5199469046021379,0.5211698834330187,0.012565215597410946
8.0,0.0625,0.0009765625,0.5166552647004509,0.5065872025346156,0.5226980401391133,0.5267806965831355,0.5156239142175074,0.5176690236349645,0.007686522775615891
8.0,0.0625,0.001953125,0.539822001643987,0.50222454576174,0.5272001997940958,0.5357339360884342,0.536952363365298,0.5283866093307109,0.015362166902815005
8.0,0.0625,0.00390625,0.5358291455535226,0.5079150120369194,0.5265573979995983,0.5539153990337313,0.5464918357956694,0.5341417580838883,0.017970345701136304
8.0,0.0625,0.0078125,0.5338301018516595,0.5099869880929594,0.5237453539486684,0.55669970528259,0.5222867335386318,0.5293097765429018,0.01749498229915127
8.0,0.0625,0.015625,0.5755768265714359,0.5429839603412195,0.5532482029626964,0.5831956701897811,0.5602005486986539,0.5630410417527573,0.016352442902837855
8.0,0.0625,0.03125,0.6604509112358584,0.6230654552315024,0.6263988423953742,0.6573887202729328,0.64785615514296,0.6430320168557255,0.017379090887993984
8.0,0.0625,0.0625,0.7358614897333432,0.6955862499182885,0.6950600967953399,0.7388888272283983,0.7319590643545653,0.719471145605987,0.022181216157605155
8.0,0.0625,0.125,0.7589980209096621,0.7242198391046117,0.7149688468131482,0.7693320888237518,0.7593734424135793,0.7453784476129506,0.024122396845682677
8.0,0.0625,0.25,0.7617484575614709,0.7294142850880225,0.7164872760483312,0.772573582576759,0.7628334362540897,0.7486114075057346,0.02423594103306876
8.0,0.0625,0.5,0.761977979752449,0.730009600396783,0.7165342378714106,0.7726566333252362,0.7630414976625032,0.7488439898016763,0.024185570114821787
8.0,0.0625,1.0,0.7619817379765405,0.7300216545755029,0.7165349696563419,0.7726567536357397,0.7630441906228225,0.7488478612933894,0.024183914401207554
8.0,0.125,3.0517578125e-05,0.6522041047216645,0.6275651861402611,0.624132922499854,0.6495937265297873,0.6490384118850463,0.6405068703553226,0.013488669379574783
8.0,0.125,6.103515625e-05,0.6075336761916006,0.5799776507494017,0.5863005771179812,0.6182655285759499,0.6093064868177197,0.6002767838905305,0.016318563954972796
8.0,0.125,0.0001220703125,0.5618255704566651,0.548223554538978,0.5547891203185207,0.5910313662882927,0.5732746372754779,0.5658288497755868,0.016870498527202946
8.0,0.125,0.000244140625,0.5232107723769897,0.5270707870733237,0.5314288522358881,0.5624974644219629,0.5390375493930202,0.536649085100237,0.0155998906112825
8.0,0.125,0.00048828125,0.51413876780924,0.5146841381006154,0.5240277183298743,0.5439364834528585,0.5181984450498428,0.5229971105484862,0.012350328210216767
8.0,0.125,0.0009765625,0.5216739140135713,0.4972798103151731,0.5288089477755076,0.5374622747978677,0.5183644575921531,0.5207178808988545,0.015013625840468836
8.0,0.125,0.001953125,0.537007406889122,0.496991398716672,0.5247019619819889,0.5439332866033074,0.5404962899689799,0.5286260688320141,0.01911550981037864
8.0,0.125,0.00390625,0.5287482296518189,0.5035295757150064,0.5193943127376169,0.5590123354234865,0.5381559410567028,0.5297680789169263,0.020752692219571576
8.0,0.125,0.0078125,0.5323333091676952,0.5068714550113399,0.5230094744364594,0.5617105766492038,0.5222666452809401,0.5292382921091277,0.02032059192481721
8.0,0.125,0.015625,0.5815905539639422,0.5461158146188505,0.5572940945463349,0.5899377008867278,0.5646200549612056,0.5679116437954121,0.017824735993784882
8.0,0.125,0.03125,0.6649818608444136,0.6284761028284528,0.6314222858757896,0.663878623814353,0.6533958247599934,0.6484309396246004,0.01749788443188392
8.0,0.125,0.0625,0.7385262831525988,0.6985583220751336,0.6976924873182502,0.743117041603317,0.7353455568875064,0.7226479382073612,0.022557812874132818
8.0,0.125,0.125,0.759866601095387,0.7250205515675617,0.7159792373133378,0.7709391090888172,0.7605312806401594,0.7464673559410526,0.024319186078411555
8.0,0.125,0.25,0.7624627986089338,0.7298585218286859,0.717299151463891,0.7738898739274583,0.7636361994655257,0.749429309058899,0.02442022501153547
8.0,0.125,0.5,0.7626837218177054,0.7304274299218112,0.7173488365335534,0.7739659128636645,0.7638281482495155,0.7496508098772499,0.024367159092810595
8.0,0.125,1.0,0.7626874155174408,0.7304389852491704,0.7173497958192925,0.7739660238547801,0.7638306361429669,0.7496545713167302,0.024365445995749614
8.0,0.25,3.0517578125e-05,0.657904078885895,0.6297578764499182,0.629513037626579,0.6564325604588507,0.6534384275165201,0.6454091961875525,0.014489279448633912
8.0,0.25,6.103515625e-05,0.6096315286144592,0.5868905265014207,0.5919860362488516,0.6161508742362074,0.6075012600152498,0.6024320451232378,0.012413638435896542
8.0,0.25,0.0001220703125,0.5633150824010632,0.5545303020234335,0.5569196111921587,0.5868688732835361,0.5770944410548466,0.5677456619910076,0.013825483993316602
8.0,0.25,0.000244140625,0.5396196008082995,0.5286795855804379,0.5292109954733113,0.5610429282289902,0.5430540246733081,0.5403214269528693,0.013193885170582198
8.0,0.25,0.00048828125,0.5197489067496559,0.5173820545703123,0.5216409539933103,0.5505849742630158,0.5207142701107698,0.5260142319374128,0.01382665288109208
8.0,0.25,0.0009765625,0.531112950322723,0.49984615370323326,0.5174897389992658,0.5474689338696109,0.5269621894317151,0.5245759932653096,0.017566249126636027
8.0,0.25,0.001953125,0.5213056455948923,0.49402061577300704,0.5200907465523441,0.5573142708658642,0.5410804313933325,0.526762342035888,0.0238994476876472
8.0,0.25,0.00390625,0.5178150275158346,0.49606944735634034,0.5133767546751884,0.5694104692479838,0.5308548748480992,0.5255053147286892,0.027518144746623074
8.0,0.25,0.0078125,0.5373308538952482,0.5118188517519656,0.5267636081199925,0.5716720735624996,0.527162956459941,0.5349496687579294,0.02245486712180633
8.0,0.25,0.015625,0.5971955065951293,0.5587534605205955,0.5710920714159199,0.6078594336874978,0.576842033768926,0.5823485011976137,0.019906001515251816
8.0,0.25,0.03125,0.6765617393074317,0.6396481953987765,0.6426853890646368,0.6779768778724521,0.6661196086498979,0.660598362058639,0.018351501802029577
8.0,0.25,0.0625,0.7444507664326483,0.7054201867616917,0.7032444545480239,0.7520763886143578,0.7425621382821246,0.7295507869277692,0.02330781184658848
8.0,0.25,0.125,0.7625174569469011,0.7273004550413059,0.7186895497277461,0.7749873569865292,0.763763909971468,0.7494517457347901,0.024822422722101996
8.0,0.25,0.25,0.7647762296665099,0.7315194361041171,0.7197389876683626,0.7773613849913964,0.766299311316807,0.7519390699494386,0.0248551305021131
8.0,0.25,0.5,0.7649805728396776,0.7320379227960405,0.7197914081939687,0.7774235809199048,0.7664622899016789,0.7521391549302541,0.02479814841469339
8.0,0.25,1.0,0.7649840673575425,0.7320485587186226,0.719792432217884,0.7774236740964925,0.7664644267686453,0.7521426318318374,0.02479644411958067
8.0,0.5,3.0517578125e-05,0.6683448635118564,0.6437862829583886,0.6430482166333973,0.6631917812184707,0.6625424344472719,0.6561827157538771,0.011870946380048463
8.0,0.5,6.103515625e-05,0.625085147394187,0.6030867222339118,0.6105960929303715,0.6268445337230296,0.6230359885910207,0.6177296969745042,0.01037598966918683
8.0,0.5,0.0001220703125,0.5837467070930459,0.5614352358895223,0.5738734176928718,0.597429197919674,0.5766144619692972,0.5786198041128822,0.013247050574856246
8.0,0.5,0.000244140625,0.5589472082961221,0.5370258112168536,0.5460381255141646,0.5784480409970112,0.5558614400955812,0.5552641252239466,0.01556575572379316
8.0,0.5,0.00048828125,0.5426917251401788,0.5162806208647392,0.5271351217212686,0.5532197299200103,0.5429639561231565,0.5364582307538707,0.014630320160654083
8.0,0.5,0.0009765625,0.5280762811698478,0.5058071452982704,0.5239778164174493,0.5540254350316512,0.5317971735293107,0.5287367702893059,0.017304148509122548
8.0,0.5,0.001953125,0.5278619707176077,0.49942222526915625,0.5201969915280036,0.5791272636549288,0.536028171822177,0.5325273245983746,0.029383500869601377
8.0,0.5,0.00390625,0.5441435391884081,0.5045546301103425,0.5335012182012933,0.5770605714307548,0.5379470283466284,0.5394413974554854,0.025941847427745253
8.0,0.5,0.0078125,0.5836365661740245,0.5446281147183278,0.5602214153011835,0.6020623415149465,0.5615708803440649,0.5704238636105095,0.02249141346308839
8.0,0.5,0.015625,0.647596719202779,0.6041773003374318,0.6144388411395575,0.6519851135650249,0.6218403132361225,0.6280076574961831,0.020908638005221906
8.0,0.5,0.03125,0.713235035679828,0.67516193366735,0.6749805525048425,0.7177131847091377,0.7023538442923536,0.6966889101707023,0.02050944524943734
8.0,0.5,0.0625,0.7607348423402407,0.7235697023796146,0.7222197928472986,0.7742773246295411,0.7620893923443477,0.7485782109082085,0.024036284338136506
8.0,0.5,0.125,0.7735925694767216,0.7369846262603869,0.7312063506234869,0.7897940549202929,0.7755027181406242,0.7614160638843025,0.02579502573893893
8.0,0.5,0.25,0.7751352755538035,0.7398919175603338,0.7317179739626936,0.7913320361127448,0.7771000750231896,0.763035455642553,0.025794009189365925
8.0,0.5,0.5,0.7753220493217531,0.740313477771376,0.7317906519285949,0.7913709710812518,0.7772129644194706,0.7632020229044894,0.02572572102377478
8.0,0.5,1.0,0.7753254600217321,0.7403223430365419,0.731792275035644,0.7913710285175835,0.7772145164797521,0.7632051246182507,0.02572388260403209
8.0,1.0,3.0517578125e-05,0.7176968466345519,0.6989096883085473,0.6975865374295841,0.7308300035263604,0.7164239503028548,0.7122894052403798,0.014011422279205345
8.0,1.0,6.103515625e-05,0.7019106578745213,0.6821745562853979,0.6869282663801228,0.7180144784409885,0.7026280547440803,0.6983312027450221,0.014228237424331243
8.0,1.0,0.0001220703125,0.6871373806730106,0.6647003619066199,0.6811557366280304,0.7032885408426846,0.6849136099687418,0.6842391260038175,0.013811278063039134
8.0,1.0,0.000244140625,0.6737129476696218,0.6525547466622688,0.6713788967048052,0.6868833979461555,0.6639361791366074,0.6696932336238917,0.012662668776382658
8.0,1.0,0.00048828125,0.6515403173981922,0.6232271278020535,0.6563986593097371,0.6776695919789549,0.6400533324826123,0.64977780579431,0.02015190914054378
8.0,1.0,0.0009765625,0.6365279197107014,0.6095680761175858,0.6403925417731515,0.6724670878861319,0.6260012280562491,0.636991370708764,0.023146973789475132
8.0,1.0,0.001953125,0.649663091579535,0.6377595076317049,0.6640703414411223,0.6856719394256604,0.6428477435614763,0.6560025247278999,0.01930937717779229
8.0,1.0,0.00390625,0.6767304150952289,0.668748416232125,0.6931903623344404,0.7064816293203504,0.6694100268507336,0.6829121699665758,0.016449122578729995
8.0,1.0,0.0078125,0.7160809326343868,0.7028293448466755,0.72311974720329,0.7368939304031108,0.7064889224801942,0.7170825755135315,0.013650280052650577
8.0,1.0,0.015625,0.7647714155843294,0.7447517276376078,0.7542233967006277,0.7765236397599079,0.7574680857126252,0.7595476530790195,0.011906547931533458
8.0,1.0,0.03125,0.8131657882407215,0.7841300900811361,0.7880650793431594,0.8278014054951441,0.8065292716922116,0.8039383269704745,0.018066763625659177
8.0,1.0,0.0625,0.838466909003909,0.8034529368069926,0.8057126742556986,0.8559941636484234,0.8388837511196255,0.8285020869669297,0.022965779784970653
8.0,1.0,0.125,0.8442484509022151,0.80894679731297,0.8096154646132923,0.861506922556988,0.8444556021977461,0.8337546475166423,0.023414465045492293
8.0,1.0,0.25,0.8448376639923973,0.8103262863715301,0.8098272909028967,0.8619378277590528,0.8447987365635623,0.8343455611178878,0.023231215054861122
8.0,1.0,0.5,0.8448734673118443,0.8105096102675566,0.8098297912039846,0.8619470865875929,0.8448190258454014,0.8343957962432759,0.023192333809115295
8.0,1.0,1.0,0.8448739543936798,0.8105135348748955,0.8098297921441295,0.8619470967400604,0.8448193261101345,0.8343967408525799,0.02319141486186088
16.0,0.015625,3.0517578125e-05,0.6047675350880529,0.5827845770389469,0.589075025004454,0.621093680392057,0.6033081537780246,0.6002057942603071,0.014951009453465914
16.0,0.015625,6.103515625e-05,0.5568233106615086,0.541744270208199,0.5605985018936305,0.5937882374469029,0.5678427406382545,0.5641594121696991,0.019107402049999028
16.0,0.015625,0.0001220703125,0.5235315093723694,0.51807376717306,0.5355363068922607,0.5760794003201577,0.5429343895421577,0.5392310746600011,0.022799522825316308
16.0,0.015625,0.000244140625,0.5062552894015647,0.5105418167274356,0.5219081567778483,0.5512515857294333,0.5217569233137102,0.5223427543899984,0.017566454266698926
16.0,0.015625,0.00048828125,0.5135596583874027,0.5239284058154252,0.5289058522449478,0.5298683470945329,0.5152258121338061,0.5222976151352229,0.007582983320539508
16.0,0.015625,0.0009765625,0.535849950432882,0.5237401655644894,0.5459212658516626,0.5361576057541283,0.5386500600908656,0.5360638095388055,0.007996637904938684
16.0,0.015625,0.001953125,0.5644178951020269,0.5179294463518471,0.549435439879062,0.5625603065802741,0.576562546754531,0.5541811269335482,0.022431205484253224
16.0,0.015625,0.00390625,0.5384167007954739,0.5265616243884645,0.5452770983635605,0.5602799160774021,0.5447795750800822,0.5430629829409966,0.012228599205907548
16.0,0.015625,0.0078125,0.5373684052261996,0.5253635751682459,0.5320169367783243,0.5559672830076383,0.5240779971133499,0.5349588394587517,0.012906174160703686
16.0,0.015625,0.015625,0.5715284521720089,0.5417659265277572,0.5516319756548768,0.5791658068785047,0.5573677855304928,0.5602919893527281,0.015076810784455606
16.0,0.015625,0.03125,0.6573300235645685,0.6192843058157194,0.6230747240064733,0.652569066164528,0.6443434783576802,0.6393203195817938,0.01725160913422023
16.0,0.015625,0.0625,0.7340793746585643,0.6933815235084884,0.6931512960473479,0.7359010974046324,0.7295998538068138,0.7172226290851693,0.021988963886650073
16.0,0.015625,0.125,0.758650185832174,0.7236906943904601,0.7143420115963617,0.7681788933965386,0.7586969415701762,0.7447117453571421,0.024004052707514566
16.0,0.015625,0.25,0.761548225523546,0.7291765083607598,0.7160168796558135,0.7716374747229128,0.7624134178332602,0.7481585012192584,0.024120268712278462
16.0,0.015625,0.5,0.7617819639802974,0.7297925954519711,0.7160658061761991,0.7717256849900355,0.7626345357359353,0.7484001172668877,0.024070324790197255
16.0,0.015625,1.0,0.761785735750077,0.729805033837172,0.7160665399702909,0.7717258122572611,0.7626373960722687,0.7484041035774138,0.024068652880060146
16.0,0.03125,3.0517578125e-05,0.6045723996620891,0.5829394937705182,0.5885464749212554,0.6198625848914343,0.6030381172156895,0.5997918140921973,0.01454894047800521
16.0,0.03125,6.103515625e-05,0.557166762974345,0.5414103124378393,0.5612360723606962,0.5930445579413299,0.5686347164771854,0.5642984844382791,0.01890269746909035
16.0,0.03125,0.0001220703125,0.5211172457647922,0.5197844525029018,0.534762223614339,0.5739327096319764,0.5423827215795781,0.5383958706187176,0.022005119059637118
16.0,0.03125,0.000244140625,0.5057316755697343,0.5105602333474804,0.5213298822052015,0.5487578611099934,0.5207939889906384,0.5214347282446096,0.01667194973331382
16.0,0.03125,0.00048828125,0.5125593458139468,0.521067562233962,0.528871627723819,0.5282204306146184,0.5161821468111863,0.5213802226395066,0.007208245488638444
16.0,0.03125,0.0009765625,0.5381072824051183,0.520616022696951,0.5471385328289169,0.5366952459353087,0.5395853823093422,0.5364284932351274,0.009715896913415482
16.0,0.03125,0.001953125,0.5617235000844855,0.514641275888824,0.5486095297866099,0.5623753179836288,0.5759436135896823,0.5526586474666462,0.023347862760554058
16.0,0.03125,0.00390625,0.5364567133635666,0.5243547791894032,0.5426757967389828,0.5585479250816576,0.5422547842397083,0.5408579997226637,0.012348243415265341
16.0,0.03125,0.0078125,0.5365158472279081,0.5237427825494949,0.5316077694072202,0.5560859765850672,0.523556358692294,0.5343017468923967,0.013357278108347472
16.0,0.03125,0.015625,0.5728513100950194,0.5420503688070001,0.5519720582440045,0.5804060263640962,0.5581980782770363,0.5610955683574314,0.015535803517195166
16.0,0.03125,0.03125,0.6583302797870998,0.620527700059607,0.6241386747016864,0.6541469812642273,0.645525276130322,0.6405337823885884,0.017291561520549413
16.0,0.03125,0.0625,0.7346455950189225,0.6941218970303493,0.6937665583380218,0.736897948664692,0.7303852412224797,0.7179634480548931,0.022051186551955704
16.0,0.03125,0.125,0.7587475469782262,0.723863939541039,0.7145381739861898,0.7685642250317287,0.7589094503362843,0.7449246671746936,0.024043544240448946
16.0,0.03125,0.25,0.761598060966867,0.7292533047760471,0.7161626231642823,0.7719468607533996,0.7625419433385371,0.7483005585998266,0.024157985151405895
16.0,0.03125,0.5,0.7618286343986519,0.729862613079939,0.7162109448586231,0.7720333015383616,0.7627594670244598,0.7485389921800071,0.024107720999870883
16.0,0.03125,1.0,0.7618323582027969,0.7298749257198883,0.7162116793050481,0.7720334264428481,0.7627622851258111,0.7485429349592785,0.02410604976237633
16.0,0.0625,3.0517578125e-05,0.6025808066291739,0.5814304457122448,0.5869410312847613,0.6185191692467741,0.6055006279819394,0.5989944161709787,0.014917993471049244
16.0,0.0625,6.103515625e-05,0.5580379546848027,0.5432428875738573,0.5595894966001664,0.5918166392496098,0.5702804925913711,0.5645934941399615,0.018009060710613808
16.0,0.0625,0.0001220703125,0.5188562740017438,0.5226404141460695,0.5319243441518302,0.5684300120384922,0.5395181714098892,0.536273843149605,0.019702189639845404
16.0,0.0625,0.000244140625,0.5091359631850374,0.5127327077541669,0.5215437912035716,0.5442664316515121,0.5206587419419915,0.5216675271472558,0.013680410592274858
16.0,0.0625,0.00048828125,0.5143567677974443,0.5131472157077397,0.526099090167548,0.5264903144519102,0.5180521938869382,0.5196291164023161,0.006348936529917659
16.0,0.0625,0.0009765625,0.5413873941343894,0.5132602508151471,0.5483360551140078,0.5388630874177134,0.5405150907675099,0.5364723756497536,0.013470023058193241
16.0,0.0625,0.001953125,0.5579595127935392,0.5094976884556801,0.5464758828261813,0.5628812096742978,0.5745568892655307,0.5502742366030458,0.024923888293658037
16.0,0.0625,0.00390625,0.5320741785210881,0.5195540392308937,0.5373869112753813,0.55702549212385,0.5375722774300129,0.5367225797162453,0.013506831520793565
16.0,0.0625,0.0078125,0.5351382987008225,0.5212544695168664,0.5312241526840425,0.5569902066669024,0.5222867335386318,0.5333787722214531,0.014450520696224019
16.0,0.0625,0.015625,0.5755768265714359,0.5429839603412195,0.5532482029626964,0.5831956701897811,0.5602005486986539,0.5630410417527573,0.016352442902837855
16.0,0.0625,0.03125,0.6604509112358584,0.6230654552315024,0.6263988423953742,0.6573887202729328,0.64785615514296,0.6430320168557255,0.017379090887993984
16.0,0.0625,0.0625,0.7358614897333432,0.6955862499182885,0.6950600967953399,0.7388888272283983,0.7319590643545653,0.719471145605987,0.022181216157605155
16.0,0.0625,0.125,0.7589980209096621,0.7242198391046117,0.7149688468131482,0.7693320888237518,0.7593734424135793,0.7453784476129506,0.024122396845682677
16.0,0.0625,0.25,0.7617484575614709,0.7294142850880225,0.7164872760483312,0.772573582576759,0.7628334362540897,0.7486114075057346,0.02423594103306876
16.0,0.0625,0.5,0.761977979752449,0.730009600396783,0.7165342378714106,0.7726566333252362,0.7630414976625032,0.7488439898016763,0.024185570114821787
16.0,0.0625,1.0,0.7619817379765405,0.7300216545755029,0.7165349696563419,0.7726567536357397,0.7630441906228225,0.7488478612933894,0.024183914401207554
16.0,0.125,3.0517578125e-05,0.6071883706967961,0.579736819294308,0.586042570586716,0.618120909807486,0.6091404397049776,0.6000458220180567,0.016347656662176153
16.0,0.125,6.103515625e-05,0.5611421232315319,0.5479013259340075,0.5546902068719239,0.5907339142874153,0.5728497679822555,0.5654634676614269,0.016854664731764852
16.0,0.125,0.0001220703125,0.5218924551388079,0.5275862662814642,0.5324123454786756,0.5627324932863081,0.5394684727758337,0.5368184065922179,0.015858692852893288
16.0,0.125,0.000244140625,0.5127565728225913,0.5146790910166036,0.5248321595462208,0.5440377605364304,0.5204138399916577,0.5233438847827008,0.012512058618685816
16.0,0.125,0.00048828125,0.5214709135395821,0.502365798253306,0.5334917276992881,0.5364735231363733,0.5238234029529932,0.5235250731163086,0.013407274578421493
16.0,0.125,0.0009765625,0.5406020007203416,0.5011563101368357,0.5438640953170545,0.5469983597094475,0.5465217676879612,0.5358285067143281,0.019548846455154284
16.0,0.125,0.001953125,0.5478818175424708,0.5047888787431319,0.5417002639768272,0.5639200319123469,0.5701892973437714,0.5456960579037097,0.025623101042398407
16.0,0.125,0.00390625,0.5233115323868028,0.510910956231305,0.5269013485204058,0.5575133085484194,0.5296793785488716,0.529663304847161,0.017140937541990354
16.0,0.125,0.0078125,0.5340218481931512,0.5188613225273693,0.5310737257283102,0.5617424062511395,0.5222666452809401,0.5335931895961821,0.016913222328405583
16.0,0.125,0.015625,0.5815905539639422,0.5461158146188505,0.5572940945463349,0.5899377008867278,0.5646200549612056,0.5679116437954121,0.017824735993784882
16.0,0.125,0.03125,0.6649818608444136,0.6284761028284528,0.6314222858757896,0.663878623814353,0.6533958247599934,0.6484309396246004,0.01749788443188392
16.0,0.125,0.0625,0.7385262831525988,0.6985583220751336,0.6976924873182502,0.743117041603317,0.7353455568875064,0.7226479382073612,0.022557812874132818
16.0,0.125,0.125,0.759866601095387,0.7250205515675617,0.7159792373133378,0.7709391090888172,0.7605312806401594,0.7464673559410526,0.024319186078411555
16.0,0.125,0.25,0.7624627986089338,0.7298585218286859,0.717299151463891,0.7738898739274583,0.7636361994655257,0.749429309058899,0.02442022501153547
16.0,0.125,0.5,0.7626837218177054,0.7304274299218112,0.7173488365335534,0.7739659128636645,0.7638281482495155,0.7496508098772499,0.024367159092810595
16.0,0.125,1.0,0.7626874155174408,0.7304389852491704,0.7173497958192925,0.7739660238547801,0.7638306361429669,0.7496545713167302,0.024365445995749614
16.0,0.25,3.0517578125e-05,0.6092288772988056,0.5867005193283278,0.5917591062309412,0.6160295456962452,0.6073388692888706,0.602211383568638,0.01241284560117496
16.0,0.25,6.103515625e-05,0.5626268142487081,0.5542012034494648,0.5565442169723072,0.5864979598053829,0.5768517260250878,0.5673443841001902,0.013864444504585148
16.0,0.25,0.0001220703125,0.5388751795778928,0.5291918246086814,0.5300199893643042,0.561193259439716,0.5422539228469907,0.540306835167517,0.01295613911760818
16.0,0.25,0.000244140625,0.5181127997351701,0.5187007343611357,0.5240301425401576,0.5505513875573677,0.521038157105542,0.5264866442598747,0.01365260000896661
16.0,0.25,0.00048828125,0.5312814177262352,0.4987617557141349,0.5281711877914017,0.5537874545973346,0.5303444570717084,0.5284692545801629,0.01958992235014955
16.0,0.25,0.0009765625,0.5269215340653272,0.4960117893393834,0.5396236301288228,0.5652905904324437,0.5470556295633816,0.5349806347058718,0.025833971509356103
16.0,0.25,0.001953125,0.5262460405502803,0.5016866777710128,0.531010097509257,0.5726893192813494,0.561690522803068,0.5386645315829935,0.0285834453952113
16.0,0.25,0.00390625,0.5156889717997992,0.5017174751935721,0.5204226565801621,0.5644426664685401,0.5245093407944961,0.5253562221673139,0.023478998561118476
16.0,0.25,0.0078125,0.5372644641111296,0.5203919012426937,0.5308239305773724,0.5716720735624996,0.527162956459941,0.5374630651907273,0.020074179204824984
16.0,0.25,0.015625,0.5971955065951293,0.5587534605205955,0.5710920714159199,0.6078594336874978,0.576842033768926,0.5823485011976137,0.019906001515251816
16.0,0.25,0.03125,0.6765617393074317,0.6396481953987765,0.6426853890646368,0.6779768778724521,0.6661196086498979,0.660598362058639,0.018351501802029577
16.0,0.25,0.0625,0.7444507664326483,0.7054201867616917,0.7032444545480239,0.7520763886143578,0.7425621382821246,0.7295507869277692,0.02330781184658848
16.0,0.25,0.125,0.7625174569469011,0.7273004550413059,0.7186895497277461,0.7749873569865292,0.763763909971468,0.7494517457347901,0.024822422722101996
16.0,0.25,0.25,0.7647762296665099,0.7315194361041171,0.7197389876683626,0.7773613849913964,0.766299311316807,0.7519390699494386,0.0248551305021131
16.0,0.25,0.5,0.7649805728396776,0.7320379227960405,0.7197914081939687,0.7774235809199048,0.7664622899016789,0.7521391549302541,0.02479814841469339
16.0,0.25,1.0,0.7649840673575425,0.7320485587186226,0.719792432217884,0.7774236740964925,0.7664644267686453,0.7521426318318374,0.02479644411958067
16.0,0.5,3.0517578125e-05,0.6246677067797405,0.6027558097855485,0.6103164769143006,0.6264946376513085,0.6227320457441989,0.6173933353750194,0.010351220844901051
16.0,0.5,6.103515625e-05,0.5830074342503686,0.5610608194112645,0.5737110038138336,0.5969435095899173,0.5759347338502806,0.5781315001831329,0.013166635327943054
16.0,0.5,0.0001220703125,0.5581936754038311,0.5370989500901755,0.5455257107999053,0.5778344443794693,0.5549956891863852,0.5547296939719533,0.01534157625754516
16.0,0.5,0.000244140625,0.5419314232560225,0.5162424985790175,0.527977537041855,0.5499380339688194,0.5423689902062322,0.5356916966103893,0.013456022150136302
16.0,0.5,0.00048828125,0.5307039876616769,0.5089633791672369,0.5289727648648066,0.5506472616602809,0.5307919449006587,0.530015867650932,0.01475657106676773
16.0,0.5,0.0009765625,0.5249530101110015,0.513589452325115,0.5269886099982091,0.5786677281208209,0.5356680887612003,0.5359733778632694,0.025130237895970155
16.0,0.5,0.001953125,0.5307485193207129,0.5020449770137093,0.5293619813648791,0.5832235854586172,0.5430002980842196,0.5376758722484276,0.029536474842957593
16.0,0.5,0.00390625,0.5429440807774292,0.5168751912261601,0.5351287475006371,0.5779132174678983,0.5360313023774571,0.5417785078699164,0.02238582510057308
16.0,0.5,0.0078125,0.5836365661740245,0.5452037381466812,0.5600441432425379,0.6020623415149465,0.5615708803440649,0.5705035338844511,0.022347850525403938
16.0,0.5,0.015625,0.647596719202779,0.6041773003374318,0.6144388411395575,0.6519851135650249,0.6218403132361225,0.6280076574961831,0.020908638005221906
16.0,0.5,0.03125,0.713235035679828,0.67516193366735,0.6749805525048425,0.7177131847091377,0.7023538442923536,0.6966889101707023,0.02050944524943734
16.0,0.5,0.0625,0.7607348423402407,0.7235697023796146,0.7222197928472986,0.7742773246295411,0.7620893923443477,0.7485782109082085,0.024036284338136506
16.0,0.5,0.125,0.7735925694767216,0.7369846262603869,0.7312063506234869,0.7897940549202929,0.7755027181406242,0.7614160638843025,0.02579502573893893
16.0,0.5,0.25,0.7751352755538035,0.7398919175603338,0.7317179739626936,0.7913320361127448,0.7771000750231896,0.763035455642553,0.025794009189365925
16.0,0.5,0.5,0.7753220493217531,0.740313477771376,0.7317906519285949,0.7913709710812518,0.7772129644194706,0.7632020229044894,0.02572572102377478
16.0,0.5,1.0,0.7753254600217321,0.7403223430365419,0.731792275035644,0.7913710285175835,0.7772145164797521,0.7632051246182507,0.02572388260403209
16.0,1.0,3.0517578125e-05,0.7017922036233849,0.68193170598199,0.686838625489938,0.7178924015616848,0.70245500577719,0.6981819884868374,0.01425251100020359
16.0,1.0,6.103515625e-05,0.6866785428170937,0.6642690526064068,0.6809518113110047,0.7027434461827328,0.6844208402202765,0.6838127386275028,0.013757678566379947
16.0,1.0,0.0001220703125,0.6720263823875925,0.650909687797987,0.6701023132626271,0.6852729263023349,0.6618511638035374,0.6680324947108158,0.012736435308135443
16.0,1.0,0.000244140625,0.647225318422502,0.6172238167714796,0.6518798828100834,0.6738123427717307,0.6354034551968162,0.6451089631945225,0.0208925021692757
16.0,1.0,0.00048828125,0.6282053585374513,0.5963794807834928,0.6301696391680693,0.6646333159453478,0.6149518111663721,0.6268679211201466,0.025052214462042383
16.0,1.0,0.0009765625,0.6327085770322767,0.6177118431558135,0.6468516456922166,0.6674251389453323,0.6225291274564624,0.6374452664564203,0.020134598017509768
16.0,1.0,0.001953125,0.6469105399357704,0.6395261583703353,0.6654861509336022,0.680027795269143,0.6406596915820064,0.6545220672181715,0.01764746003785374
16.0,1.0,0.00390625,0.6767304150952289,0.668748416232125,0.6931903623344404,0.7064816293203504,0.6694100268507336,0.6829121699665758,0.016449122578729995
16.0,1.0,0.0078125,0.7160809326343868,0.7028293448466755,0.72311974720329,0.7368939304031108,0.7064889224801942,0.7170825755135315,0.013650280052650577
16.0,1.0,0.015625,0.7647714155843294,0.7447517276376078,0.7542233967006277,0.7765236397599079,0.7574680857126252,0.7595476530790195,0.011906547931533458
16.0,1.0,0.03125,0.8131657882407215,0.7841300900811361,0.7880650793431594,0.8278014054951441,0.8065292716922116,0.8039383269704745,0.018066763625659177
16.0,1.0,0.0625,0.838466909003909,0.8034529368069926,0.8057126742556986,0.8559941636484234,0.8388837511196255,0.8285020869669297,0.022965779784970653
16.0,1.0,0.125,0.8442484509022151,0.80894679731297,0.8096154646132923,0.861506922556988,0.8444556021977461,0.8337546475166423,0.023414465045492293
16.0,1.0,0.25,0.8448376639923973,0.8103262863715301,0.8098272909028967,0.8619378277590528,0.8447987365635623,0.8343455611178878,0.023231215054861122
16.0,1.0,0.5,0.8448734673118443,0.8105096102675566,0.8098297912039846,0.8619470865875929,0.8448190258454014,0.8343957962432759,0.023192333809115295
16.0,1.0,1.0,0.8448739543936798,0.8105135348748955,0.8098297921441295,0.8619470967400604,0.8448193261101345,0.8343967408525799,0.02319141486186088
32.0,0.015625,3.0517578125e-05,0.5564123863761773,0.5416061646209005,0.5605661639083047,0.594051154589687,0.5679055344182078,0.5641082807826555,0.019294516328615688
32.0,0.015625,6.103515625e-05,0.5234529000409611,0.5179662078487608,0.5354102061957563,0.5770524903350203,0.5433658565878893,0.5394495322016775,0.023254363447512204
32.0,0.015625,0.0001220703125,0.5058857055735898,0.5123945014544717,0.5229924038492649,0.5549598961430197,0.5217047656206933,0.5235874545282079,0.018886256976111918
32.0,0.015625,0.000244140625,0.5173072334452576,0.5300616711782173,0.5290849056810145,0.5342398151725967,0.5186737582862675,0.5258734767526707,0.0074677027468623034
32.0,0.015625,0.00048828125,0.5330915120189883,0.5354069886375832,0.5518202867297881,0.5368289234141324,0.543622627989599,0.5401540677580182,0.007609247890357475
32.0,0.015625,0.0009765625,0.5764695833392196,0.5320345675574192,0.5640957994108373,0.556253394870528,0.5871817737006579,0.5632070237757324,0.021044886694285548
32.0,0.015625,0.001953125,0.5664545913397604,0.5407082447033393,0.5751191576973627,0.5860861411739893,0.5998123926298914,0.5736361055088686,0.022238586973367988
32.0,0.015625,0.00390625,0.5389571588831343,0.5389925605530911,0.5470195765253021,0.559479230026052,0.5423288074527814,0.5453554666880722,0.008556219021178525
32.0,0.015625,0.0078125,0.5370225711120022,0.5265390410851903,0.5339460332429142,0.5559672830076383,0.5240779971133499,0.5355105851122189,0.01259367979961117
32.0,0.015625,0.015625,0.5715284521720089,0.5417659265277572,0.5516319756548768,0.5791658068785047,0.5573677855304928,0.5602919893527281,0.015076810784455606
32.0,0.015625,0.03125,0.6573300235645685,0.6192843058157194,0.6230747240064733,0.652569066164528,0.6443434783576802,0.6393203195817938,0.01725160913422023
32.0,0.015625,0.0625,0.7340793746585643,0.6933815235084884,0.6931512960473479,0.7359010974046324,0.7295998538068138,0.7172226290851693,0.021988963886650073
32.0,0.015625,0.125,0.758650185832174,0.7236906943904601,0.7143420115963617,0.7681788933965386,0.7586969415701762,0.7447117453571421,0.024004052707514566
32.0,0.015625,0.25,0.761548225523546,0.7291765083607598,0.7160168796558135,0.7716374747229128,0.7624134178332602,0.7481585012192584,0.024120268712278462
32.0,0.015625,0.5,0.7617819639802974,0.7297925954519711,0.7160658061761991,0.7717256849900355,0.7626345357359353,0.7484001172668877,0.024070324790197255
32.0,0.015625,1.0,0.761785735750077,0.729805033837172,0.7160665399702909,0.7717258122572611,0.7626373960722687,0.7484041035774138,0.024068652880060146
32.0,0.03125,3.0517578125e-05,0.5567383516855723,0.5413732808858651,0.5611948902541813,0.5932522847014413,0.5685679926203934,0.5642253600294906,0.019032060949343874
32.0,0.03125,6.103515625e-05,0.5209148379346598,0.519407137183375,0.5348129008760956,0.5744290273727233,0.5428761146465715,0.5384880036026851,0.022346222852701166
32.0,0.03125,0.0001220703125,0.5055428472260132,0.5125801808129558,0.5217726665978941,0.551950345346342,0.5209660899712438,0.5225624259908898,0.01772098397913639
32.0,0.03125,0.000244140625,0.5143810338320914,0.527133605899483,0.5281944301202157,0.5324964938749266,0.5191696162422672,0.5242750359937968,0.007332837641906302
32.0,0.03125,0.00048828125,0.5340599707884637,0.5303691108902607,0.552335398913633,0.5387960095231028,0.5435012475283565,0.5398123475287633,0.008569310043841536
32.0,0.03125,0.0009765625,0.576080335874273,0.5276589378451582,0.5634182675032859,0.557378801575098,0.5870584897410445,0.5623189665077719,0.02251860661644539
32.0,0.03125,0.001953125,0.5631849668634891,0.5393109252573351,0.5737136082970772,0.5842643270814134,0.5962340496913279,0.5713415754381285,0.02170686607279127
32.0,0.03125,0.00390625,0.5373036503208162,0.5362921179333661,0.5444167130506213,0.5582336755707822,0.5400354579003263,0.5432563229551823,0.008943936931310289
32.0,0.03125,0.0078125,0.5363269871290736,0.5246980561841483,0.5333332938647461,0.5560859765850672,0.523556358692294,0.5348001344910658,0.013096225165902902
32.0,0.03125,0.015625,0.5728513100950194,0.5420503688070001,0.5519720582440045,0.5804060263640962,0.5581980782770363,0.5610955683574314,0.015535803517195166
32.0,0.03125,0.03125,0.6583302797870998,0.620527700059607,0.6241386747016864,0.6541469812642273,0.645525276130322,0.6405337823885884,0.017291561520549413
32.0,0.03125,0.0625,0.7346455950189225,0.6941218970303493,0.6937665583380218,0.736897948664692,0.7303852412224797,0.7179634480548931,0.022051186551955704
32.0,0.03125,0.125,0.7587475469782262,0.723863939541039,0.7145381739861898,0.7685642250317287,0.7589094503362843,0.7449246671746936,0.024043544240448946
32.0,0.03125,0.25,0.761598060966867,0.7292533047760471,0.7161626231642823,0.7719468607533996,0.7625419433385371,0.7483005585998266,0.024157985151405895
32.0,0.03125,0.5,0.7618286343986519,0.729862613079939,0.7162109448586231,0.7720333015383616,0.7627594670244598,0.7485389921800071,0.024107720999870883
32.0,0.03125,1.0,0.7618323582027969,0.7298749257198883,0.7162116793050481,0.7720334264428481,0.7627622851258111,0.7485429349592785,0.02410604976237633
32.0,0.0625,3.0517578125e-05,0.5575218275137335,0.5431661010711148,0.559641817885737,0.5919259593588595,0.5702844624950308,0.5645080336648951,0.018118188365718938
32.0,0.0625,6.103515625e-05,0.5185925052756767,0.522179021757335,0.5322339218257649,0.5689328725020714,0.5399473314943841,0.5363771305710464,0.02004786794650599
32.0,0.0625,0.0001220703125,0.5086157246092335,0.5140895039463198,0.5214807611881556,0.5465107760334631,0.5207726530963713,0.5222938837747086,0.014524436893681481
32.0,0.0625,0.000244140625,0.5121590333948861,0.5209358526092857,0.5288268697922378,0.5293495926853953,0.5197710676763229,0.5222084832316256,0.007130051020289116
32.0,0.0625,0.00048828125,0.5389514629054801,0.5213975049794236,0.5557381636323357,0.5429553874979673,0.5471028798236273,0.5412290797677668,0.01271292725163734
32.0,0.0625,0.0009765625,0.5751727936210518,0.5198908970329971,0.5614810646461043,0.5619855078530117,0.586034868009356,0.5609130262325042,0.025093504482053563
32.0,0.0625,0.001953125,0.5563814447111922,0.5351928967962643,0.570083638635438,0.5812711619420988,0.5885036742627079,0.5662865632695402,0.02119836944201688
32.0,0.0625,0.00390625,0.5337236613249656,0.5310421803578164,0.5394324536945851,0.5568460064292403,0.5360325961243272,0.539415379586187,0.010219789500032377
32.0,0.0625,0.0078125,0.5351382987008225,0.5216664948092532,0.5323465573883844,0.5569902066669024,0.5222867335386318,0.5336856582207989,0.014330048034667553
32.0,0.0625,0.015625,0.5755768265714359,0.5429839603412195,0.5532482029626964,0.5831956701897811,0.5602005486986539,0.5630410417527573,0.016352442902837855
32.0,0.0625,0.03125,0.6604509112358584,0.6230654552315024,0.6263988423953742,0.6573887202729328,0.64785615514296,0.6430320168557255,0.017379090887993984
32.0,0.0625,0.0625,0.7358614897333432,0.6955862499182885,0.6950600967953399,0.7388888272283983,0.7319590643545653,0.719471145605987,0.022181216157605155
32.0,0.0625,0.125,0.7589980209096621,0.7242198391046117,0.7149688468131482,0.7693320888237518,0.7593734424135793,0.7453784476129506,0.024122396845682677
32.0,0.0625,0.25,0.7617484575614709,0.7294142850880225,0.7164872760483312,0.772573582576759,0.7628334362540897,0.7486114075057346,0.02423594103306876
32.0,0.0625,0.5,0.761977979752449,0.730009600396783,0.7165342378714106,0.7726566333252362,0.7630414976625032,0.7488439898016763,0.024185570114821787
32.0,0.0625,1.0,0.7619817379765405,0.7300216545755029,0.7165349696563419,0.7726567536357397,0.7630441906228225,0.7488478612933894,0.024183914401207554
32.0,0.125,3.0517578125e-05,0.5608159698312438,0.5477396038628921,0.5546748672004304,0.5906709725457628,0.5726656027061529,0.5653134032292964,0.016876795748637537
32.0,0.125,6.103515625e-05,0.5214206478377323,0.5278751175882674,0.5329133816091506,0.5628034201890311,0.539685581739565,0.5369396297927493,0.015934951856048176
32.0,0.125,0.0001220703125,0.5117886999057994,0.5154003588288935,0.5259549939076749,0.5444798399176838,0.5216621196665323,0.5238572024453167,0.012764004575768047
32.0,0.125,0.000244140625,0.520249045907186,0.5104285683120909,0.5360192929233938,0.53796895402106,0.5276439502448502,0.5264619622817162,0.011410746858672218
32.0,0.125,0.00048828125,0.5423129598745512,0.5071184850550321,0.5553071501199327,0.5531451201993808,0.5515558846213963,0.5418879199740585,0.020058440234403393
32.0,0.125,0.0009765625,0.5640922754488504,0.5143690404284941,0.560648175373307,0.5732561135017191,0.5878447176669123,0.5600420644838566,0.027615192019505946
32.0,0.125,0.001953125,0.544084735076165,0.5286023714573617,0.5595151657638098,0.5790815584621773,0.5764677712244748,0.5575503203967976,0.021474580971402788
32.0,0.125,0.00390625,0.5259656149153846,0.5228177752511778,0.5318144978065118,0.5581444169004885,0.5293552490003294,0.5336195107747784,0.01412597459398637
32.0,0.125,0.0078125,0.5340218481931512,0.5188613225273693,0.5311113656184641,0.5617424062511395,0.5222666452809401,0.5336007175742129,0.016911828899049526
32.0,0.125,0.015625,0.5815905539639422,0.5461158146188505,0.5572940945463349,0.5899377008867278,0.5646200549612056,0.5679116437954121,0.017824735993784882
32.0,0.125,0.03125,0.6649818608444136,0.6284761028284528,0.6314222858757896,0.663878623814353,0.6533958247599934,0.6484309396246004,0.01749788443188392
32.0,0.125,0.0625,0.7385262831525988,0.6985583220751336,0.6976924873182502,0.743117041603317,0.7353455568875064,0.7226479382073612,0.022557812874132818
32.0,0.125,0.125,0.759866601095387,0.7250205515675617,0.7159792373133378,0.7709391090888172,0.7605312806401594,0.7464673559410526,0.024319186078411555
32.0,0.125,0.25,0.7624627986089338,0.7298585218286859,0.717299151463891,0.7738898739274583,0.7636361994655257,0.749429309058899,0.02442022501153547
32.0,0.125,0.5,0.7626837218177054,0.7304274299218112,0.7173488365335534,0.7739659128636645,0.7638281482495155,0.7496508098772499,0.024367159092810595
32.0,0.125,1.0,0.7626874155174408,0.7304389852491704,0.7173497958192925,0.7739660238547801,0.7638306361429669,0.7496545713167302,0.024365445995749614
32.0,0.25,3.0517578125e-05,0.5623256339667376,0.5540027786705157,0.5563479164203176,0.5862966623377379,0.5767203802399049,0.5671386743270428,0.013883399810827689
32.0,0.25,6.103515625e-05,0.5383861279629323,0.5294280297248914,0.5306007523228176,0.561238903320647,0.5418593700122495,0.5403026366687075,0.012814126205938085
32.0,0.25,0.0001220703125,0.5173902822551978,0.5200009559959714,0.525887214389655,0.5504781097034417,0.5216240452186979,0.5270761215125928,0.013441215872771117
32.0,0.25,0.000244140625,0.5285372789909465,0.49813012642039,0.5359697863098002,0.5550487161278032,0.5324872814857251,0.530034637866933,0.020537073143748454
32.0,0.25,0.00048828125,0.5313391485540238,0.49571635571213535,0.552169073054559,0.5746552345252082,0.5567526324580505,0.5421264888607954,0.030179314265266464
32.0,0.25,0.0009765625,0.5373112167114826,0.5055944199916974,0.5564203406761774,0.5905628538296499,0.581119720977315,0.5542017104372644,0.03427678450180711
32.0,0.25,0.001953125,0.5230214184159738,0.5138225253144222,0.5368672056257611,0.5770122377090529,0.5577250360719015,0.5416896846274223,0.025754389370511537
32.0,0.25,0.00390625,0.5168701271456514,0.5149908218235358,0.52817786380301,0.5639937497666279,0.5245093407944961,0.5297083806666641,0.01991410507375244
32.0,0.25,0.0078125,0.5372644641111296,0.5203919012426937,0.5308239305773724,0.5716720735624996,0.527162956459941,0.5374630651907273,0.020074179204824984
32.0,0.25,0.015625,0.5971955065951293,0.5587534605205955,0.5710920714159199,0.6078594336874978,0.576842033768926,0.5823485011976137,0.019906001515251816
32.0,0.25,0.03125,0.6765617393074317,0.6396481953987765,0.6426853890646368,0.6779768778724521,0.6661196086498979,0.660598362058639,0.018351501802029577
32.0,0.25,0.0625,0.7444507664326483,0.7054201867616917,0.7032444545480239,0.7520763886143578,0.7425621382821246,0.7295507869277692,0.02330781184658848
32.0,0.25,0.125,0.7625174569469011,0.7273004550413059,0.7186895497277461,0.7749873569865292,0.763763909971468,0.7494517457347901,0.024822422722101996
32.0,0.25,0.25,0.7647762296665099,0.7315194361041171,0.7197389876683626,0.7773613849913964,0.766299311316807,0.7519390699494386,0.0248551305021131
32.0,0.25,0.5,0.7649805728396776,0.7320379227960405,0.7197914081939687,0.7774235809199048,0.7664622899016789,0.7521391549302541,0.02479814841469339
32.0,0.25,1.0,0.7649840673575425,0.7320485587186226,0.719792432217884,0.7774236740964925,0.7664644267686453,0.7521426318318374,0.02479644411958067
32.0,0.5,3.0517578125e-05,0.5826291700959896,0.560843760691116,0.573630198203896,0.5966662213961482,0.5756118160022277,0.5778762332778756,0.013123600723012772
32.0,0.5,6.103515625e-05,0.5576255776815139,0.537116971279127,0.5452704151075093,0.5776933818887513,0.5544283764289937,0.5544269444771791,0.015289175651975743
32.0,0.5,0.0001220703125,0.5415182022995566,0.5164097408841869,0.5289310232238461,0.5485060206004106,0.541937218769341,0.5354604411554682,0.012790570166578594
32.0,0.5,0.000244140625,0.5308894168810842,0.5102588125671603,0.5310726399794913,0.5505014593945616,0.5328544403615887,0.5311153538367772,0.014264411102032266
32.0,0.5,0.00048828125,0.5285197586640307,0.525472690363258,0.5379538164089273,0.5769936989609779,0.5397633291729578,0.5417406587140304,0.02061835253969402
32.0,0.5,0.0009765625,0.5361249143122104,0.516654481341295,0.5339865915365485,0.5962964769199106,0.5655138526002845,0.5497152633420498,0.03140266266957372
32.0,0.5,0.001953125,0.5259640014758598,0.5126410966910653,0.5292476402151896,0.5769665807405662,0.5427845557452168,0.5375207749735795,0.024518774156083868
32.0,0.5,0.00390625,0.5408746629045991,0.5224427212260108,0.5379298959352544,0.5779132174678983,0.5360313023774571,0.5430383599822439,0.0207383272388466
32.0,0.5,0.0078125,0.5836365661740245,0.5452037381466812,0.5600441432425379,0.6020623415149465,0.5615708803440649,0.5705035338844511,0.022347850525403938
32.0,0.5,0.015625,0.647596719202779,0.6041773003374318,0.6144388411395575,0.6519851135650249,0.6218403132361225,0.6280076574961831,0.020908638005221906
32.0,0.5,0.03125,0.713235035679828,0.67516193366735,0.6749805525048425,0.7177131847091377,0.7023538442923536,0.6966889101707023,0.02050944524943734
32.0,0.5,0.0625,0.7607348423402407,0.7235697023796146,0.7222197928472986,0.7742773246295411,0.7620893923443477,0.7485782109082085,0.024036284338136506
32.0,0.5,0.125,0.7735925694767216,0.7369846262603869,0.7312063506234869,0.7897940549202929,0.7755027181406242,0.7614160638843025,0.02579502573893893
32.0,0.5,0.25,0.7751352755538035,0.7398919175603338,0.7317179739626936,0.7913320361127448,0.7771000750231896,0.763035455642553,0.025794009189365925
32.0,0.5,0.5,0.7753220493217531,0.740313477771376,0.7317906519285949,0.7913709710812518,0.7772129644194706,0.7632020229044894,0.02572572102377478
32.0,0.5,1.0,0.7753254600217321,0.7403223430365419,0.731792275035644,0.7913710285175835,0.7772145164797521,0.7632051246182507,0.02572388260403209
32.0,1.0,3.0517578125e-05,0.6864737713261685,0.6640281899439361,0.6808224538142944,0.7024514889019017,0.6841346014923012,0.6835821010957204,0.013735828187987985
32.0,1.0,6.103515625e-05,0.6711160922330123,0.6498840120786996,0.6694014888828759,0.6844027926147405,0.6608573656369078,0.6671323502892472,0.012807887914897684
32.0,1.0,0.0001220703125,0.645021753892022,0.6141796659441289,0.6494292375027915,0.6720083276469502,0.6328065208641434,0.6426891011700071,0.021336242863451357
32.0,1.0,0.000244140625,0.6241294805774503,0.5897474600300778,0.6246883377018858,0.6606095078239405,0.6090027837289513,0.6216355139724612,0.026033371163386245
32.0,1.0,0.00048828125,0.6245025546838174,0.6059960032895193,0.6378887859648866,0.6587855191446598,0.6122921259655489,0.6278929978096863,0.021146065421128624
32.0,1.0,0.0009765625,0.6283523973822327,0.6195380548834929,0.6486739789502798,0.6591543908356066,0.6199326688653632,0.6351302981833952,0.01789283546394595
32.0,1.0,0.001953125,0.6469105399357704,0.6395261583703353,0.6654861509336022,0.680027795269143,0.6406596915820064,0.6545220672181715,0.01764746003785374
32.0,1.0,0.00390625,0.6767304150952289,0.668748416232125,0.6931903623344404,0.7064816293203504,0.6694100268507336,0.6829121699665758,0.016449122578729995
32.0,1.0,0.0078125,0.7160809326343868,0.7028293448466755,0.72311974720329,0.7368939304031108,0.7064889224801942,0.7170825755135315,0.013650280052650577
32.0,1.0,0.015625,0.7647714155843294,0.7447517276376078,0.7542233967006277,0.7765236397599079,0.7574680857126252,0.7595476530790195,0.011906547931533458
32.0,1.0,0.03125,0.8131657882407215,0.7841300900811361,0.7880650793431594,0.8278014054951441,0.8065292716922116,0.8039383269704745,0.018066763625659177
32.0,1.0,0.0625,0.838466909003909,0.8034529368069926,0.8057126742556986,0.8559941636484234,0.8388837511196255,0.8285020869669297,0.022965779784970653
32.0,1.0,0.125,0.8442484509022151,0.80894679731297,0.8096154646132923,0.861506922556988,0.8444556021977461,0.8337546475166423,0.023414465045492293
32.0,1.0,0.25,0.8448376639923973,0.8103262863715301,0.8098272909028967,0.8619378277590528,0.8447987365635623,0.8343455611178878,0.023231215054861122
32.0,1.0,0.5,0.8448734673118443,0.8105096102675566,0.8098297912039846,0.8619470865875929,0.8448190258454014,0.8343957962432759,0.023192333809115295
32.0,1.0,1.0,0.8448739543936798,0.8105135348748955,0.8098297921441295,0.8619470967400604,0.8448193261101345,0.8343967408525799,0.02319141486186088
64.0,0.015625,3.0517578125e-05,0.5233897888069434,0.5179674183494979,0.5353569119926507,0.5775292895575348,0.5435912460010953,0.5395669309415444,0.023469655487430418
64.0,0.015625,6.103515625e-05,0.5059540358033054,0.5131880666504502,0.5237555712855994,0.5569096405057746,0.5216532234931262,0.5242921075476511,0.01956233393562406
64.0,0.015625,0.0001220703125,0.5215546993570072,0.5351371834626694,0.5299278772741233,0.5394892471713537,0.5207526512527559,0.5293723317035819,0.008235720852600055
64.0,0.015625,0.000244140625,0.5369845669329364,0.5446623929251331,0.5547064367582764,0.5392882601164686,0.5432496543446966,0.5437782622155022,0.006833749458968525
64.0,0.015625,0.00048828125,0.5706327093011831,0.545434548542692,0.5699829453929606,0.557084708702253,0.5933592137857416,0.5672988251449661,0.01788741112645345
64.0,0.015625,0.0009765625,0.59475564877229,0.546909044372968,0.5835105052639784,0.5941635534279737,0.6381811419971506,0.5915039787668721,0.032592207867319485
64.0,0.015625,0.001953125,0.5635454949417709,0.561686828407707,0.5822382897807441,0.5850717968434247,0.5956977766860125,0.5776480373319318,0.014625470981882932
64.0,0.015625,0.00390625,0.5415131396469173,0.546913472181114,0.5545803973283212,0.559479230026052,0.5423288074527814,0.5489630093270372,0.00783995760541831
64.0,0.015625,0.0078125,0.5370225711120022,0.5265390410851903,0.5339460332429142,0.5559672830076383,0.5240779971133499,0.5355105851122189,0.01259367979961117
64.0,0.015625,0.015625,0.5715284521720089,0.5417659265277572,0.5516319756548768,0.5791658068785047,0.5573677855304928,0.5602919893527281,0.015076810784455606
64.0,0.015625,0.03125,0.6573300235645685,0.6192843058157194,0.6230747240064733,0.652569066164528,0.6443434783576802,0.6393203195817938,0.01725160913422023
64.0,0.015625,0.0625,0.7340793746585643,0.6933815235084884,0.6931512960473479,0.7359010974046324,0.7295998538068138,0.7172226290851693,0.021988963886650073
64.0,0.015625,0.125,0.758650185832174,0.7236906943904601,0.7143420115963617,0.7681788933965386,0.7586969415701762,0.7447117453571421,0.024004052707514566
64.0,0.015625,0.25,0.761548225523546,0.7291765083607598,0.7160168796558135,0.7716374747229128,0.7624134178332602,0.7481585012192584,0.024120268712278462
64.0,0.015625,0.5,0.7617819639802974,0.7297925954519711,0.7160658061761991,0.7717256849900355,0.7626345357359353,0.7484001172668877,0.024070324790197255
64.0,0.015625,1.0,0.761785735750077,0.729805033837172,0.7160665399702909,0.7717258122572611,0.7626373960722687,0.7484041035774138,0.024068652880060146
64.0,0.03125,3.0517578125e-05,0.5207598515391287,0.5193280096836617,0.5348417247580836,0.5747774514792845,0.5431046401320857,0.5385623355184489,0.022543834111807028
64.0,0.03125,6.103515625e-05,0.5055096171710509,0.5135575391110307,0.5223207687203338,0.5538953288442825,0.5209508017231697,0.5232468111139734,0.018398035857248474
64.0,0.03125,0.0001220703125,0.5181974427913169,0.5322265157569324,0.5297120184371551,0.5356019738700124,0.5205679874219419,0.5272611876554717,0.007536248564121459
64.0,0.03125,0.000244140625,0.5356047529371872,0.5403511125633395,0.5536462456067756,0.5400247597089686,0.5446494166858435,0.5428552575004228,0.006828555988071773
64.0,0.03125,0.00048828125,0.5727649122018983,0.5410726490528214,0.571245337334944,0.557406468192394,0.592053267501663,0.5669085268567442,0.018994373227978423
64.0,0.03125,0.0009765625,0.5918801232065705,0.5454426869534337,0.5823616504820956,0.5961665904855625,0.6363398581668214,0.5904381818588968,0.03252569241764764
64.0,0.03125,0.001953125,0.5612980620753772,0.5596400057968833,0.5790086400201644,0.5825119426513964,0.5925270836896015,0.5749971468466846,0.014171887876876182
64.0,0.03125,0.00390625,0.5395575775140666,0.54373669864811,0.5518792900958959,0.5582336755707822,0.5400354579003263,0.5466885399458361,0.008124985179575696
64.0,0.03125,0.0078125,0.5363269871290736,0.5246980561841483,0.5333332938647461,0.5560859765850672,0.523556358692294,0.5348001344910658,0.013096225165902902
64.0,0.03125,0.015625,0.5728513100950194,0.5420503688070001,0.5519720582440045,0.5804060263640962,0.5581980782770363,0.5610955683574314,0.015535803517195166
64.0,0.03125,0.03125,0.6583302797870998,0.620527700059607,0.6241386747016864,0.6541469812642273,0.645525276130322,0.6405337823885884,0.017291561520549413
64.0,0.03125,0.0625,0.7346455950189225,0.6941218970303493,0.6937665583380218,0.736897948664692,0.7303852412224797,0.7179634480548931,0.022051186551955704
64.0,0.03125,0.125,0.7587475469782262,0.723863939541039,0.7145381739861898,0.7685642250317287,0.7589094503362843,0.7449246671746936,0.024043544240448946
64.0,0.03125,0.25,0.761598060966867,0.7292533047760471,0.7161626231642823,0.7719468607533996,0.7625419433385371,0.7483005585998266,0.024157985151405895
64.0,0.03125,0.5,0.7618286343986519,0.729862613079939,0.7162109448586231,0.7720333015383616,0.7627594670244598,0.7485389921800071,0.024107720999870883
64.0,0.03125,1.0,0.7618323582027969,0.7298749257198883,0.7162116793050481,0.7720334264428481,0.7627622851258111,0.7485429349592785,0.02410604976237633
64.0,0.0625,3.0517578125e-05,0.5184679770819959,0.5219399133580996,0.5323743918578563,0.5692832676316177,0.5402087490055674,0.5364548597870273,0.02026485802859244
64.0,0.0625,6.103515625e-05,0.5076331240862817,0.5147753545148809,0.5217748993376292,0.5478516429741804,0.5208538544039802,0.5225777750633905,0.015220095846334374
64.0,0.0625,0.0001220703125,0.5133630698575392,0.5251030232142982,0.5303707510995925,0.5315281377681553,0.5200470550849496,0.5240824074049071,0.007536777983589254
64.0,0.0625,0.000244140625,0.5347922105541675,0.5283782339351241,0.5561779694567588,0.5457595863354461,0.5460211661243135,0.542225833281162,0.010823225263259595
64.0,0.0625,0.00048828125,0.5715493668793524,0.5324768171995964,0.5732242515270216,0.5587103097541508,0.5908150967555201,0.5653551684231283,0.02164277385185529
64.0,0.0625,0.0009765625,0.5844119540675596,0.5426576576159083,0.5794951665151797,0.599326081943748,0.6313405699051975,0.5874462860095186,0.03219583208693925
64.0,0.0625,0.001953125,0.555593483680143,0.554696028896543,0.5727614091652382,0.5787823364007618,0.5850627657932406,0.5693792047871853,0.01370651338875526
64.0,0.0625,0.00390625,0.5356549199715307,0.5381001796965974,0.5468557159259186,0.5568460064292403,0.5360325961243272,0.5426978836295229,0.009119007953587808
64.0,0.0625,0.0078125,0.5351382987008225,0.5216664948092532,0.5323465573883844,0.5569902066669024,0.5222867335386318,0.5336856582207989,0.014330048034667553
64.0,0.0625,0.015625,0.5755768265714359,0.5429839603412195,0.5532482029626964,0.5831956701897811,0.5602005486986539,0.5630410417527573,0.016352442902837855
64.0,0.0625,0.03125,0.6604509112358584,0.6230654552315024,0.6263988423953742,0.6573887202729328,0.64785615514296,0.6430320168557255,0.017379090887993984
64.0,0.0625,0.0625,0.7358614897333432,0.6955862499182885,0.6950600967953399,0.7388888272283983,0.7319590643545653,0.719471145605987,0.022181216157605155
64.0,0.0625,0.125,0.7589980209096621,0.7242198391046117,0.7149688468131482,0.7693320888237518,0.7593734424135793,0.7453784476129506,0.024122396845682677
64.0,0.0625,0.25,0.7617484575614709,0.7294142850880225,0.7164872760483312,0.772573582576759,0.7628334362540897,0.7486114075057346,0.02423594103306876
64.0,0.0625,0.5,0.761977979752449,0.730009600396783,0.7165342378714106,0.7726566333252362,0.7630414976625032,0.7488439898016763,0.024185570114821787
64.0,0.0625,1.0,0.7619817379765405,0.7300216545755029,0.7165349696563419,0.7726567536357397,0.7630441906228225,0.7488478612933894,0.024183914401207554
64.0,0.125,3.0517578125e-05,0.5212067477964802,0.5280438321643731,0.5331690033992021,0.5628062512841926,0.5398756561382503,0.5370202981564998,0.015957335585176695
64.0,0.125,6.103515625e-05,0.5113249922543909,0.5160829179778166,0.5268383362518078,0.544996992013424,0.522675126048322,0.5243836729091523,0.012973868947514237
64.0,0.125,0.0001220703125,0.5190342876429888,0.5151996993679786,0.5363934968428627,0.5393179640564714,0.530190306539613,0.5280271508899829,0.010577955270949737
64.0,0.125,0.000244140625,0.5386958738148115,0.5110701113817278,0.5598457801191141,0.5566478814440682,0.560755899009229,0.5454031091537901,0.021180684282660497
64.0,0.125,0.00048828125,0.5669873698860726,0.5227610289966363,0.5755568369403776,0.5713986823306927,0.5921599342631274,0.5657727704833813,0.02586090877327873
64.0,0.125,0.0009765625,0.5719459285934538,0.5362306045319524,0.5734455580251611,0.6001037688216807,0.6218022404777148,0.5807056200899926,0.03229817365849383
64.0,0.125,0.001953125,0.5422910607918091,0.5434452057294513,0.5583734469141344,0.5720981002675035,0.5741160265698462,0.558064768054549,0.01514277087383969
64.0,0.125,0.00390625,0.5261636427525804,0.5295733315683067,0.5386704861945839,0.5581444169004885,0.5293552490003294,0.5363814252832577,0.01302869887039738
64.0,0.125,0.0078125,0.5340218481931512,0.5188613225273693,0.5311113656184641,0.5617424062511395,0.5222666452809401,0.5336007175742129,0.016911828899049526
64.0,0.125,0.015625,0.5815905539639422,0.5461158146188505,0.5572940945463349,0.5899377008867278,0.5646200549612056,0.5679116437954121,0.017824735993784882
64.0,0.125,0.03125,0.6649818608444136,0.6284761028284528,0.6314222858757896,0.663878623814353,0.6533958247599934,0.6484309396246004,0.01749788443188392
64.0,0.125,0.0625,0.7385262831525988,0.6985583220751336,0.6976924873182502,0.743117041603317,0.7353455568875064,0.7226479382073612,0.022557812874132818
64.0,0.125,0.125,0.759866601095387,0.7250205515675617,0.7159792373133378,0.7709391090888172,0.7605312806401594,0.7464673559410526,0.024319186078411555
64.0,0.125,0.25,0.7624627986089338,0.7298585218286859,0.717299151463891,0.7738898739274583,0.7636361994655257,0.749429309058899,0.02442022501153547
64.0,0.125,0.5,0.7626837218177054,0.7304274299218112,0.7173488365335534,0.7739659128636645,0.7638281482495155,0.7496508098772499,0.024367159092810595
64.0,0.125,1.0,0.7626874155174408,0.7304389852491704,0.7173497958192925,0.7739660238547801,0.7638306361429669,0.7496545713167302,0.024365445995749614
64.0,0.25,3.0517578125e-05,0.5382675831405914,0.5295621892635554,0.5309455296218512,0.5612971470227033,0.5416662037298383,0.5403477305557078,0.012744339120296497
64.0,0.25,6.103515625e-05,0.5173726287287298,0.5207604252315345,0.5265172668341961,0.5505214659012113,0.5222603554643018,0.5274864284319947,0.013289019222321041
64.0,0.25,0.0001220703125,0.5258615767432187,0.5007865006450857,0.5411514427236976,0.5576196685288967,0.5341377182474979,0.5319113813776793,0.020955963796249404
64.0,0.25,0.000244140625,0.532947266152162,0.4991932891944941,0.5605199399525026,0.5795418760938648,0.5628667525767723,0.5470138247939593,0.03152965383720156
64.0,0.25,0.00048828125,0.5444277530473226,0.5099773219309719,0.577992998682705,0.5961189113047862,0.5824762024795227,0.5621986374890617,0.0348356735102488
64.0,0.25,0.0009765625,0.5455528515526635,0.5298285925803571,0.5683013213966038,0.6045136293644839,0.6042391259070025,0.5704871041602222,0.0338253327875303
64.0,0.25,0.001953125,0.5238624829291888,0.5331764693613843,0.5409851738199907,0.5716187808586659,0.5563061535759577,0.5451898121090375,0.018966534961860723
64.0,0.25,0.00390625,0.5168701271456514,0.5168123418505767,0.5308915864107422,0.5639937497666279,0.5245093407944961,0.5306154291936188,0.019563559308127813
64.0,0.25,0.0078125,0.5372644641111296,0.5203919012426937,0.5308239305773724,0.5716720735624996,0.527162956459941,0.5374630651907273,0.020074179204824984
64.0,0.25,0.015625,0.5971955065951293,0.5587534605205955,0.5710920714159199,0.6078594336874978,0.576842033768926,0.5823485011976137,0.019906001515251816
64.0,0.25,0.03125,0.6765617393074317,0.6396481953987765,0.6426853890646368,0.6779768778724521,0.6661196086498979,0.660598362058639,0.018351501802029577
64.0,0.25,0.0625,0.7444507664326483,0.7054201867616917,0.7032444545480239,0.7520763886143578,0.7425621382821246,0.7295507869277692,0.02330781184658848
64.0,0.25,0.125,0.7625174569469011,0.7273004550413059,0.7186895497277461,0.7749873569865292,0.763763909971468,0.7494517457347901,0.024822422722101996
64.0,0.25,0.25,0.7647762296665099,0.7315194361041171,0.7197389876683626,0.7773613849913964,0.766299311316807,0.7519390699494386,0.0248551305021131
64.0,0.25,0.5,0.7649805728396776,0.7320379227960405,0.7197914081939687,0.7774235809199048,0.7664622899016789,0.7521391549302541,0.02479814841469339
64.0,0.25,1.0,0.7649840673575425,0.7320485587186226,0.719792432217884,0.7774236740964925,0.7664644267686453,0.7521426318318374,0.02479644411958067
64.0,0.5,3.0517578125e-05,0.557316141403953,0.5371194074048631,0.5451672963090103,0.5776278784588398,0.5541832458778784,0.5542827938909088,0.015263340167379926
64.0,0.5,6.103515625e-05,0.5414207674078716,0.516361288729612,0.5295730116509407,0.547910212983755,0.5418684111764646,0.5354267383897288,0.012560037396204865
64.0,0.5,0.0001220703125,0.5308547045543307,0.5110646129628231,0.5327769470216518,0.5506589172863846,0.5344128481693765,0.5319536059989134,0.014090529153483196
64.0,0.5,0.000244140625,0.5308872240482228,0.5299819553609668,0.5478692136534042,0.580199713837469,0.5445489852020826,0.5466974184204292,0.02035780942876423
64.0,0.5,0.00048828125,0.5420264749928135,0.54034588091989,0.5418226586936381,0.6087079842897192,0.5797442030203243,0.5625294403832771,0.030700401781489847
64.0,0.5,0.0009765625,0.5329802057391435,0.524850973370395,0.5335472764391778,0.5993095364973091,0.5728846758333375,0.5527145335758725,0.03205906410272687
64.0,0.5,0.001953125,0.5234596657672899,0.5247362045381789,0.5352117096890973,0.576887659937126,0.5427845557452168,0.5406159591353817,0.02177182818796188
64.0,0.5,0.00390625,0.5408746629045991,0.5224427212260108,0.5379298959352544,0.5779132174678983,0.5360313023774571,0.5430383599822439,0.0207383272388466
64.0,0.5,0.0078125,0.5836365661740245,0.5452037381466812,0.5600441432425379,0.6020623415149465,0.5615708803440649,0.5705035338844511,0.022347850525403938
64.0,0.5,0.015625,0.647596719202779,0.6041773003374318,0.6144388411395575,0.6519851135650249,0.6218403132361225,0.6280076574961831,0.020908638005221906
64.0,0.5,0.03125,0.713235035679828,0.67516193366735,0.6749805525048425,0.7177131847091377,0.7023538442923536,0.6966889101707023,0.02050944524943734
64.0,0.5,0.0625,0.7607348423402407,0.7235697023796146,0.7222197928472986,0.7742773246295411,0.7620893923443477,0.7485782109082085,0.024036284338136506
64.0,0.5,0.125,0.7735925694767216,0.7369846262603869,0.7312063506234869,0.7897940549202929,0.7755027181406242,0.7614160638843025,0.02579502573893893
64.0,0.5,0.25,0.7751352755538035,0.7398919175603338,0.7317179739626936,0.7913320361127448,0.7771000750231896,0.763035455642553,0.025794009189365925
64.0,0.5,0.5,0.7753220493217531,0.740313477771376,0.7317906519285949,0.7913709710812518,0.7772129644194706,0.7632020229044894,0.02572572102377478
64.0,0.5,1.0,0.7753254600217321,0.7403223430365419,0.731792275035644,0.7913710285175835,0.7772145164797521,0.7632051246182507,0.02572388260403209
64.0,1.0,3.0517578125e-05,0.6706516147622191,0.6493595776724287,0.6690229594530901,0.6839929042087964,0.6603496289626631,0.6666753370118395,0.012855644220728046
64.0,1.0,6.103515625e-05,0.6438922734175248,0.6126349897621423,0.6482241695459611,0.6710740172530307,0.6314652748309977,0.6414581449619312,0.021560587252540033
64.0,1.0,0.0001220703125,0.6222935833491308,0.5864058725362494,0.6218171454417185,0.658518140365647,0.6060072612535207,0.6190084005892532,0.026512522843386833
64.0,1.0,0.000244140625,0.6203231065266379,0.5993758264850282,0.6327422897343569,0.6541988079943615,0.6074333507858422,0.6228146763052453,0.02165464156865605
64.0,1.0,0.00048828125,0.6184448135381541,0.6099397864326465,0.6394676647677556,0.6492395198914352,0.6086523958944439,0.6251488361048871,0.018260487053366872
64.0,1.0,0.0009765625,0.6283523973822327,0.6195380548834929,0.6486739789502798,0.6591543908356066,0.6199326688653632,0.6351302981833952,0.01789283546394595
64.0,1.0,0.001953125,0.6469105399357704,0.6395261583703353,0.6654861509336022,0.680027795269143,0.6406596915820064,0.6545220672181715,0.01764746003785374
64.0,1.0,0.00390625,0.6767304150952289,0.668748416232125,0.6931903623344404,0.7064816293203504,0.6694100268507336,0.6829121699665758,0.016449122578729995
64.0,1.0,0.0078125,0.7160809326343868,0.7028293448466755,0.72311974720329,0.7368939304031108,0.7064889224801942,0.7170825755135315,0.013650280052650577
64.0,1.0,0.015625,0.7647714155843294,0.7447517276376078,0.7542233967006277,0.7765236397599079,0.7574680857126252,0.7595476530790195,0.011906547931533458
64.0,1.0,0.03125,0.8131657882407215,0.7841300900811361,0.7880650793431594,0.8278014054951441,0.8065292716922116,0.8039383269704745,0.018066763625659177
64.0,1.0,0.0625,0.838466909003909,0.8034529368069926,0.8057126742556986,0.8559941636484234,0.8388837511196255,0.8285020869669297,0.022965779784970653
64.0,1.0,0.125,0.8442484509022151,0.80894679731297,0.8096154646132923,0.861506922556988,0.8444556021977461,0.8337546475166423,0.023414465045492293
64.0,1.0,0.25,0.8448376639923973,0.8103262863715301,0.8098272909028967,0.8619378277590528,0.8447987365635623,0.8343455611178878,0.023231215054861122
64.0,1.0,0.5,0.8448734673118443,0.8105096102675566,0.8098297912039846,0.8619470865875929,0.8448190258454014,0.8343957962432759,0.023192333809115295
64.0,1.0,1.0,0.8448739543936798,0.8105135348748955,0.8098297921441295,0.8619470967400604,0.8448193261101345,0.8343967408525799,0.02319141486186088
128.0,0.015625,3.0517578125e-05,0.5061776320646454,0.5137655686297177,0.524327227628318,0.5579883643082024,0.5217067052892036,0.5247930995840174,0.019873415260365554
128.0,0.015625,6.103515625e-05,0.5236018658677517,0.5385499444597799,0.5308899165853354,0.5438454836134166,0.5216507947396145,0.5317076010531796,0.009508637656806455
128.0,0.015625,0.0001220703125,0.5415584344280595,0.5511740667755136,0.5587752274830665,0.5425567666201054,0.5448367920093152,0.547780257463212,0.007194915474361405
128.0,0.015625,0.000244140625,0.5680201789429211,0.5541214387588638,0.5769920939373131,0.5630517534245075,0.5964485973081256,0.5717268124743462,0.016107721747412176
128.0,0.015625,0.00048828125,0.6074852158725583,0.5591501390927828,0.5983617556186323,0.5887315805801947,0.6496804628062596,0.6006818307940855,0.03286420785656048
128.0,0.015625,0.0009765625,0.5993430234117489,0.5847634620767346,0.6130407988223988,0.6302800406651274,0.651440268011555,0.615773518597513,0.026084519983616897
128.0,0.015625,0.001953125,0.5723855940579599,0.5776945503024415,0.590071614378055,0.5863559933141481,0.5950975063359742,0.5843210516777158,0.00921557923986903
128.0,0.015625,0.00390625,0.5415131396469173,0.546913472181114,0.5545803973283212,0.559479230026052,0.5423288074527814,0.5489630093270372,0.00783995760541831
128.0,0.015625,0.0078125,0.5370225711120022,0.5265390410851903,0.5339460332429142,0.5559672830076383,0.5240779971133499,0.5355105851122189,0.01259367979961117
128.0,0.015625,0.015625,0.5715284521720089,0.5417659265277572,0.5516319756548768,0.5791658068785047,0.5573677855304928,0.5602919893527281,0.015076810784455606
128.0,0.015625,0.03125,0.6573300235645685,0.6192843058157194,0.6230747240064733,0.652569066164528,0.6443434783576802,0.6393203195817938,0.01725160913422023
128.0,0.015625,0.0625,0.7340793746585643,0.6933815235084884,0.6931512960473479,0.7359010974046324,0.7295998538068138,0.7172226290851693,0.021988963886650073
128.0,0.015625,0.125,0.758650185832174,0.7236906943904601,0.7143420115963617,0.7681788933965386,0.7586969415701762,0.7447117453571421,0.024004052707514566
128.0,0.015625,0.25,0.761548225523546,0.7291765083607598,0.7160168796558135,0.7716374747229128,0.7624134178332602,0.7481585012192584,0.024120268712278462
128.0,0.015625,0.5,0.7617819639802974,0.7297925954519711,0.7160658061761991,0.7717256849900355,0.7626345357359353,0.7484001172668877,0.024070324790197255
128.0,0.015625,1.0,0.761785735750077,0.729805033837172,0.7160665399702909,0.7717258122572611,0.7626373960722687,0.7484041035774138,0.024068652880060146
128.0,0.03125,3.0517578125e-05,0.5053752084781482,0.5140761047228645,0.5227780010511346,0.5550319133981267,0.5209255821707872,0.5236373619642123,0.018832379035503208
128.0,0.03125,6.103515625e-05,0.5209540587215513,0.5359465381394456,0.5314047535793975,0.5383541993568584,0.5212880368801738,0.5295895173354853,0.008124225659745403
128.0,0.03125,0.0001220703125,0.5389585662874967,0.5477275029520479,0.5570204055485787,0.5415697620130983,0.5457352755397574,0.5462023024681958,0.00695535494869426
128.0,0.03125,0.000244140625,0.5667482364903189,0.5476285234174592,0.5753154032906937,0.5645907148098499,0.5964211185483049,0.5701407993113253,0.017794291162690327
128.0,0.03125,0.00048828125,0.6067731861111676,0.5547769269776135,0.5963565984075212,0.5889994916040963,0.6479427392043141,0.5989697884609425,0.03360984791379561
128.0,0.03125,0.0009765625,0.5947543282176606,0.5831424309245459,0.6113038679536381,0.6284893700729238,0.647629362615458,0.6130638719568453,0.025818349947651472
128.0,0.03125,0.001953125,0.5699829727374768,0.5751959588148643,0.5866403350719003,0.5841691854992328,0.5921061121628676,0.5816189128572684,0.0089211737173917
128.0,0.03125,0.00390625,0.5395575775140666,0.54373669864811,0.5518792900958959,0.5582336755707822,0.5400354579003263,0.5466885399458361,0.008124985179575696
128.0,0.03125,0.0078125,0.5363269871290736,0.5246980561841483,0.5333332938647461,0.5560859765850672,0.523556358692294,0.5348001344910658,0.013096225165902902
128.0,0.03125,0.015625,0.5728513100950194,0.5420503688070001,0.5519720582440045,0.5804060263640962,0.5581980782770363,0.5610955683574314,0.015535803517195166
128.0,0.03125,0.03125,0.6583302797870998,0.620527700059607,0.6241386747016864,0.6541469812642273,0.645525276130322,0.6405337823885884,0.017291561520549413
128.0,0.03125,0.0625,0.7346455950189225,0.6941218970303493,0.6937665583380218,0.736897948664692,0.7303852412224797,0.7179634480548931,0.022051186551955704
128.0,0.03125,0.125,0.7587475469782262,0.723863939541039,0.7145381739861898,0.7685642250317287,0.7589094503362843,0.7449246671746936,0.024043544240448946
128.0,0.03125,0.25,0.761598060966867,0.7292533047760471,0.7161626231642823,0.7719468607533996,0.7625419433385371,0.7483005585998266,0.024157985151405895
128.0,0.03125,0.5,0.7618286343986519,0.729862613079939,0.7162109448586231,0.7720333015383616,0.7627594670244598,0.7485389921800071,0.024107720999870883
128.0,0.03125,1.0,0.7618323582027969,0.7298749257198883,0.7162116793050481,0.7720334264428481,0.7627622851258111,0.7485429349592785,0.02410604976237633
128.0,0.0625,3.0517578125e-05,0.5069147267338363,0.5150394090891545,0.5217793260378926,0.5485472553763173,0.5209307242817456,0.5226422883037893,0.01565168872351851
128.0,0.0625,6.103515625e-05,0.5143546314094338,0.5279176220465768,0.5312894996284285,0.5331982528661383,0.5204392710513445,0.5254398554003844,0.007880964901991687
128.0,0.0625,0.0001220703125,0.5334132623215828,0.5359798156407767,0.5589141548399303,0.5471638014133582,0.5486851479476214,0.5448312364326539,0.010336100171926285
128.0,0.0625,0.000244140625,0.5657528045565094,0.5398703617176475,0.5783574475839517,0.5671807738802607,0.5953093171844669,0.5692941409845672,0.02025894302393972
128.0,0.0625,0.00048828125,0.6019527556849338,0.5483149537307698,0.5929810960766368,0.5934798951099007,0.644644714147972,0.5962746829500426,0.03424432291789919
128.0,0.0625,0.0009765625,0.5862768598768558,0.5789211276688213,0.6043989008359412,0.6247973344009696,0.6403970003426578,0.6069582446250491,0.025771754649839527
128.0,0.0625,0.001953125,0.564619787846643,0.5698974076506551,0.5796963118651401,0.5804403810062673,0.5850322745787929,0.5759372325894997,0.008391853970525465
128.0,0.0625,0.00390625,0.5356549199715307,0.5381001796965974,0.5468557159259186,0.5568460064292403,0.5360325961243272,0.5426978836295229,0.009119007953587808
128.0,0.0625,0.0078125,0.5351382987008225,0.5216664948092532,0.5323465573883844,0.5569902066669024,0.5222867335386318,0.5336856582207989,0.014330048034667553
128.0,0.0625,0.015625,0.5755768265714359,0.5429839603412195,0.5532482029626964,0.5831956701897811,0.5602005486986539,0.5630410417527573,0.016352442902837855
128.0,0.0625,0.03125,0.6604509112358584,0.6230654552315024,0.6263988423953742,0.6573887202729328,0.64785615514296,0.6430320168557255,0.017379090887993984
128.0,0.0625,0.0625,0.7358614897333432,0.6955862499182885,0.6950600967953399,0.7388888272283983,0.7319590643545653,0.719471145605987,0.022181216157605155
128.0,0.0625,0.125,0.7589980209096621,0.7242198391046117,0.7149688468131482,0.7693320888237518,0.7593734424135793,0.7453784476129506,0.024122396845682677
128.0,0.0625,0.25,0.7617484575614709,0.7294142850880225,0.7164872760483312,0.772573582576759,0.7628334362540897,0.7486114075057346,0.02423594103306876
128.0,0.0625,0.5,0.761977979752449,0.730009600396783,0.7165342378714106,0.7726566333252362,0.7630414976625032,0.7488439898016763,0.024185570114821787
128.0,0.0625,1.0,0.7619817379765405,0.7300216545755029,0.7165349696563419,0.7726567536357397,0.7630441906228225,0.7488478612933894,0.024183914401207554
128.0,0.125,3.0517578125e-05,0.5109367441215558,0.5163161990937701,0.52731987514225,0.5453311531244481,0.5232289006459907,0.5246265744256029,0.013175362725089627
128.0,0.125,6.103515625e-05,0.5170199844083941,0.5177250903266244,0.5355172822207737,0.5407200195124944,0.5316071298841369,0.5285179012704847,0.010678403637062498
128.0,0.125,0.0001220703125,0.5383125691386337,0.517634409554772,0.5624582382570382,0.5575129132208947,0.5639558477185126,0.5479747955779704,0.019811849177503244
128.0,0.125,0.000244140625,0.5691822371829116,0.528099978857126,0.584491866885027,0.5734995675307673,0.5939845941124519,0.5698516489136568,0.025267035842323326
128.0,0.125,0.00048828125,0.5850078185122568,0.5402909350243517,0.5904808696581432,0.6043897698822562,0.6424701003492148,0.5925278986852446,0.036825160561410226
128.0,0.125,0.0009765625,0.5690942147099993,0.5692910889143137,0.5879610084218573,0.615690589252122,0.6281224085046614,0.5940318619605908,0.026935632513333696
128.0,0.125,0.001953125,0.5537028945337504,0.5585971769315636,0.5675288680990893,0.572945922023307,0.5741160265698462,0.5653781776315112,0.008951821527510432
128.0,0.125,0.00390625,0.5261636427525804,0.5295733315683067,0.5386704861945839,0.5581444169004885,0.5293552490003294,0.5363814252832577,0.01302869887039738
128.0,0.125,0.0078125,0.5340218481931512,0.5188613225273693,0.5311113656184641,0.5617424062511395,0.5222666452809401,0.5336007175742129,0.016911828899049526
128.0,0.125,0.015625,0.5815905539639422,0.5461158146188505,0.5572940945463349,0.5899377008867278,0.5646200549612056,0.5679116437954121,0.017824735993784882
128.0,0.125,0.03125,0.6649818608444136,0.6284761028284528,0.6314222858757896,0.663878623814353,0.6533958247599934,0.6484309396246004,0.01749788443188392
128.0,0.125,0.0625,0.7385262831525988,0.6985583220751336,0.6976924873182502,0.743117041603317,0.7353455568875064,0.7226479382073612,0.022557812874132818
128.0,0.125,0.125,0.759866601095387,0.7250205515675617,0.7159792373133378,0.7709391090888172,0.7605312806401594,0.7464673559410526,0.024319186078411555
128.0,0.125,0.25,0.7624627986089338,0.7298585218286859,0.717299151463891,0.7738898739274583,0.7636361994655257,0.749429309058899,0.02442022501153547
128.0,0.125,0.5,0.7626837218177054,0.7304274299218112,0.7173488365335534,0.7739659128636645,0.7638281482495155,0.7496508098772499,0.024367159092810595
128.0,0.125,1.0,0.7626874155174408,0.7304389852491704,0.7173497958192925,0.7739660238547801,0.7638306361429669,0.7496545713167302,0.024365445995749614
128.0,0.25,3.0517578125e-05,0.5174201093642941,0.5210949827630909,0.5268115542716749,0.550572565779906,0.5225228583266092,0.527684414101115,0.013229206199309418
128.0,0.25,6.103515625e-05,0.5244733980677999,0.5033996601794104,0.5445611985367729,0.5585844500897429,0.5360090819674433,0.5334055577682338,0.020888637131079923
128.0,0.25,0.0001220703125,0.5354739252812099,0.5015978888643162,0.5694880206200299,0.5815998154729491,0.5645204425475444,0.5505360185572099,0.0321772791230329
128.0,0.25,0.000244140625,0.5481507968700723,0.5176425647585992,0.5930902251842494,0.5993535924189548,0.5949737860990999,0.5706421930661951,0.03617702489799307
128.0,0.25,0.00048828125,0.5542204740237371,0.5300436416486161,0.5826830109630066,0.6174908341950146,0.6226140361980654,0.581410399405688,0.039934298680553405
128.0,0.25,0.0009765625,0.5394518610827955,0.5537965171552686,0.5658787550919956,0.6059648730645828,0.6048738812944571,0.5739931775378199,0.030177220978930323
128.0,0.25,0.001953125,0.5306792968411073,0.5425124137840354,0.5540739863611229,0.5716187808586659,0.5563061535759577,0.5510381262841777,0.01539238131832796
128.0,0.25,0.00390625,0.5168701271456514,0.5168123418505767,0.5308915864107422,0.5639937497666279,0.5245093407944961,0.5306154291936188,0.019563559308127813
128.0,0.25,0.0078125,0.5372644641111296,0.5203919012426937,0.5308239305773724,0.5716720735624996,0.527162956459941,0.5374630651907273,0.020074179204824984
128.0,0.25,0.015625,0.5971955065951293,0.5587534605205955,0.5710920714159199,0.6078594336874978,0.576842033768926,0.5823485011976137,0.019906001515251816
128.0,0.25,0.03125,0.6765617393074317,0.6396481953987765,0.6426853890646368,0.6779768778724521,0.6661196086498979,0.660598362058639,0.018351501802029577
128.0,0.25,0.0625,0.7444507664326483,0.7054201867616917,0.7032444545480239,0.7520763886143578,0.7425621382821246,0.7295507869277692,0.02330781184658848
128.0,0.25,0.125,0.7625174569469011,0.7273004550413059,0.7186895497277461,0.7749873569865292,0.763763909971468,0.7494517457347901,0.024822422722101996
128.0,0.25,0.25,0.7647762296665099,0.7315194361041171,0.7197389876683626,0.7773613849913964,0.766299311316807,0.7519390699494386,0.0248551305021131
128.0,0.25,0.5,0.7649805728396776,0.7320379227960405,0.7197914081939687,0.7774235809199048,0.7664622899016789,0.7521391549302541,0.02479814841469339
128.0,0.25,1.0,0.7649840673575425,0.7320485587186226,0.719792432217884,0.7774236740964925,0.7664644267686453,0.7521426318318374,0.02479644411958067
128.0,0.5,3.0517578125e-05,0.5412794405342112,0.5163254705952448,0.5298823839200751,0.5475945382684488,0.5418190264363981,0.5353801719508755,0.01243742616488458
128.0,0.5,6.103515625e-05,0.5311447783108169,0.5118792326610211,0.5345399921504849,0.5512608522083443,0.5353172799257825,0.53282842705129,0.014058641111187022
128.0,0.5,0.0001220703125,0.5339383553226656,0.5325810477668643,0.555339562922771,0.5836156853342541,0.5483805555246052,0.550771041374232,0.020733858997687947
128.0,0.5,0.000244140625,0.5463883274343343,0.5534704729001632,0.5523672164825522,0.613128325854429,0.5860102083452742,0.5702729102033506,0.02853794957786501
128.0,0.5,0.00048828125,0.5462966765572479,0.546466240588174,0.545818483271074,0.6319211719049378,0.6029215176536911,0.5746848179950248,0.0403384164973892
128.0,0.5,0.0009765625,0.5333272787555869,0.5466552405496401,0.5386145544710281,0.5995627567737702,0.5725875062109899,0.558149467352203,0.0276287378674459
128.0,0.5,0.001953125,0.5234596657672899,0.5247790812763845,0.5357211206257155,0.576887659937126,0.5427845557452168,0.5407264166703466,0.021733514628683687
128.0,0.5,0.00390625,0.5408746629045991,0.5224427212260108,0.5379298959352544,0.5779132174678983,0.5360313023774571,0.5430383599822439,0.0207383272388466
128.0,0.5,0.0078125,0.5836365661740245,0.5452037381466812,0.5600441432425379,0.6020623415149465,0.5615708803440649,0.5705035338844511,0.022347850525403938
128.0,0.5,0.015625,0.647596719202779,0.6041773003374318,0.6144388411395575,0.6519851135650249,0.6218403132361225,0.6280076574961831,0.020908638005221906
128.0,0.5,0.03125,0.713235035679828,0.67516193366735,0.6749805525048425,0.7177131847091377,0.7023538442923536,0.6966889101707023,0.02050944524943734
128.0,0.5,0.0625,0.7607348423402407,0.7235697023796146,0.7222197928472986,0.7742773246295411,0.7620893923443477,0.7485782109082085,0.024036284338136506
128.0,0.5,0.125,0.7735925694767216,0.7369846262603869,0.7312063506234869,0.7897940549202929,0.7755027181406242,0.7614160638843025,0.02579502573893893
128.0,0.5,0.25,0.7751352755538035,0.7398919175603338,0.7317179739626936,0.7913320361127448,0.7771000750231896,0.763035455642553,0.025794009189365925
128.0,0.5,0.5,0.7753220493217531,0.740313477771376,0.7317906519285949,0.7913709710812518,0.7772129644194706,0.7632020229044894,0.02572572102377478
128.0,0.5,1.0,0.7753254600217321,0.7403223430365419,0.731792275035644,0.7913710285175835,0.7772145164797521,0.7632051246182507,0.02572388260403209
128.0,1.0,3.0517578125e-05,0.643357660281431,0.6118989623113475,0.6476268643540162,0.6705760517872116,0.6308025581323291,0.6408524193732671,0.021650439068774983
128.0,1.0,6.103515625e-05,0.6214174736160263,0.5847016971475927,0.6203764482342261,0.6574913571413422,0.6044488895262988,0.6176871731330972,0.026780656198406732
128.0,1.0,0.0001220703125,0.6183419684414911,0.596028672851605,0.629926982195729,0.6517066613989179,0.604845195998566,0.6201698961772617,0.021856090153839144
128.0,1.0,0.000244140625,0.6128692082316656,0.6055487660894733,0.6357395150007142,0.6432595959370434,0.6033768621784841,0.620158789487476,0.018197734260882496
128.0,1.0,0.00048828125,0.6184448135381541,0.6099397864326465,0.6394676647677556,0.6492395198914352,0.6086523958944439,0.6251488361048871,0.018260487053366872
128.0,1.0,0.0009765625,0.6283523973822327,0.6195380548834929,0.6486739789502798,0.6591543908356066,0.6199326688653632,0.6351302981833952,0.01789283546394595
128.0,1.0,0.001953125,0.6469105399357704,0.6395261583703353,0.6654861509336022,0.680027795269143,0.6406596915820064,0.6545220672181715,0.01764746003785374
128.0,1.0,0.00390625,0.6767304150952289,0.668748416232125,0.6931903623344404,0.7064816293203504,0.6694100268507336,0.6829121699665758,0.016449122578729995
128.0,1.0,0.0078125,0.7160809326343868,0.7028293448466755,0.72311974720329,0.7368939304031108,0.7064889224801942,0.7170825755135315,0.013650280052650577
128.0,1.0,0.015625,0.7647714155843294,0.7447517276376078,0.7542233967006277,0.7765236397599079,0.7574680857126252,0.7595476530790195,0.011906547931533458
128.0,1.0,0.03125,0.8131657882407215,0.7841300900811361,0.7880650793431594,0.8278014054951441,0.8065292716922116,0.8039383269704745,0.018066763625659177
128.0,1.0,0.0625,0.838466909003909,0.8034529368069926,0.8057126742556986,0.8559941636484234,0.8388837511196255,0.8285020869669297,0.022965779784970653
128.0,1.0,0.125,0.8442484509022151,0.80894679731297,0.8096154646132923,0.861506922556988,0.8444556021977461,0.8337546475166423,0.023414465045492293
128.0,1.0,0.25,0.8448376639923973,0.8103262863715301,0.8098272909028967,0.8619378277590528,0.8447987365635623,0.8343455611178878,0.023231215054861122
128.0,1.0,0.5,0.8448734673118443,0.8105096102675566,0.8098297912039846,0.8619470865875929,0.8448190258454014,0.8343957962432759,0.023192333809115295
128.0,1.0,1.0,0.8448739543936798,0.8105135348748955,0.8098297921441295,0.8619470967400604,0.8448193261101345,0.8343967408525799,0.02319141486186088
256.0,0.015625,3.0517578125e-05,0.5248780538377416,0.5403177927433522,0.5315259753321528,0.5462051962401134,0.522304592960358,0.5330463222227436,0.010129746536323536
256.0,0.015625,6.103515625e-05,0.5436363617147323,0.555845780932371,0.5610054470514819,0.5440085259307507,0.5465232449329558,0.5502038721124584,0.007803311474391552
256.0,0.015625,0.0001220703125,0.569714479361218,0.5666103082829971,0.5840218139633971,0.5627186655296084,0.5984397257019478,0.5763009985678337,0.01476063780556367
256.0,0.015625,0.000244140625,0.6034911393725911,0.5721322272545507,0.5912914700459306,0.5815985303085172,0.6552848205402196,0.6007596375043619,0.032621999973761855
256.0,0.015625,0.00048828125,0.6275344741087221,0.59671084517136,0.6160071311142946,0.6366668770592855,0.6907047778675671,0.6335248210642459,0.03527549615093248
256.0,0.015625,0.0009765625,0.5996400063844043,0.6111772043288833,0.6207696849961609,0.6342664583646018,0.6510334189687792,0.6233773546085659,0.020015842380945295
256.0,0.015625,0.001953125,0.5736791197630213,0.5862230409031329,0.6018396631943435,0.5863559933141481,0.5950975063359742,0.588639064702124,0.010616223521472994
256.0,0.015625,0.00390625,0.5415131396469173,0.546913472181114,0.5545803973283212,0.559479230026052,0.5423288074527814,0.5489630093270372,0.00783995760541831
256.0,0.015625,0.0078125,0.5370225711120022,0.5265390410851903,0.5339460332429142,0.5559672830076383,0.5240779971133499,0.5355105851122189,0.01259367979961117
256.0,0.015625,0.015625,0.5715284521720089,0.5417659265277572,0.5516319756548768,0.5791658068785047,0.5573677855304928,0.5602919893527281,0.015076810784455606
256.0,0.015625,0.03125,0.6573300235645685,0.6192843058157194,0.6230747240064733,0.652569066164528,0.6443434783576802,0.6393203195817938,0.01725160913422023
256.0,0.015625,0.0625,0.7340793746585643,0.6933815235084884,0.6931512960473479,0.7359010974046324,0.7295998538068138,0.7172226290851693,0.021988963886650073
256.0,0.015625,0.125,0.758650185832174,0.7236906943904601,0.7143420115963617,0.7681788933965386,0.7586969415701762,0.7447117453571421,0.024004052707514566
256.0,0.015625,0.25,0.761548225523546,0.7291765083607598,0.7160168796558135,0.7716374747229128,0.7624134178332602,0.7481585012192584,0.024120268712278462
256.0,0.015625,0.5,0.7617819639802974,0.7297925954519711,0.7160658061761991,0.7717256849900355,0.7626345357359353,0.7484001172668877,0.024070324790197255
256.0,0.015625,1.0,0.761785735750077,0.729805033837172,0.7160665399702909,0.7717258122572611,0.7626373960722687,0.7484041035774138,0.024068652880060146
256.0,0.03125,3.0517578125e-05,0.5219745992402687,0.5378514682676739,0.5322740513635583,0.5401098448593082,0.5216719766075564,0.5307763880676731,0.008657005334740933
256.0,0.03125,6.103515625e-05,0.5418458471346872,0.5518655666327994,0.5592808205733658,0.5431251646583541,0.5472439134265403,0.5486722624851493,0.007108957693655811
256.0,0.03125,0.0001220703125,0.5697802627038737,0.5591972350504404,0.5818059058775676,0.5633470411885506,0.5987398838481511,0.5745740657337167,0.01598248906221261
256.0,0.03125,0.000244140625,0.6034482040943523,0.5667820975995124,0.5922341617518107,0.5823902557728737,0.6515036689619242,0.5992716776360947,0.03215472801944192
256.0,0.03125,0.00048828125,0.6232015801062532,0.5923403348643973,0.615307251933074,0.6391848755534868,0.6862564157738875,0.6312580916462197,0.03507697969695253
256.0,0.03125,0.0009765625,0.596095258817881,0.6092541422262286,0.6171803163765722,0.6322667173929081,0.6473797953690055,0.6204352460365191,0.01996270948856271
256.0,0.03125,0.001953125,0.5709831704557692,0.5824697651240902,0.5976477369462954,0.5841691854992328,0.5921061121628676,0.5854751940376511,0.010159932145452804
256.0,0.03125,0.00390625,0.5395575775140666,0.54373669864811,0.5518792900958959,0.5582336755707822,0.5400354579003263,0.5466885399458361,0.008124985179575696
256.0,0.03125,0.0078125,0.5363269871290736,0.5246980561841483,0.5333332938647461,0.5560859765850672,0.523556358692294,0.5348001344910658,0.013096225165902902
256.0,0.03125,0.015625,0.5728513100950194,0.5420503688070001,0.5519720582440045,0.5804060263640962,0.5581980782770363,0.5610955683574314,0.015535803517195166
256.0,0.03125,0.03125,0.6583302797870998,0.620527700059607,0.6241386747016864,0.6541469812642273,0.645525276130322,0.6405337823885884,0.017291561520549413
256.0,0.03125,0.0625,0.7346455950189225,0.6941218970303493,0.6937665583380218,0.736897948664692,0.7303852412224797,0.7179634480548931,0.022051186551955704
256.0,0.03125,0.125,0.7587475469782262,0.723863939541039,0.7145381739861898,0.7685642250317287,0.7589094503362843,0.7449246671746936,0.024043544240448946
256.0,0.03125,0.25,0.761598060966867,0.7292533047760471,0.7161626231642823,0.7719468607533996,0.7625419433385371,0.7483005585998266,0.024157985151405895
256.0,0.03125,0.5,0.7618286343986519,0.729862613079939,0.7162109448586231,0.7720333015383616,0.7627594670244598,0.7485389921800071,0.024107720999870883
256.0,0.03125,1.0,0.7618323582027969,0.7298749257198883,0.7162116793050481,0.7720334264428481,0.7627622851258111,0.7485429349592785,0.02410604976237633
256.0,0.0625,3.0517578125e-05,0.5147439199411427,0.5293419546186108,0.531726086423703,0.5341485685740919,0.5214393064815371,0.526279967207817,0.008022830729934698
256.0,0.0625,6.103515625e-05,0.534519385464564,0.5419548489349992,0.5611327051703463,0.5484956209048693,0.5500913003062393,0.5472387721562036,0.009905309215823277
256.0,0.0625,0.0001220703125,0.5685235867198773,0.5479088041167888,0.5795150014582722,0.5664859805919576,0.5988323021893608,0.5722531350152514,0.018701623455124234
256.0,0.0625,0.000244140625,0.5988711536375247,0.557750654393639,0.593080988962274,0.5827155882128591,0.6470533324328256,0.5958943435278246,0.032644444858734585
256.0,0.0625,0.00048828125,0.6128043977361017,0.5847272426210011,0.6149878402286317,0.6416023648705993,0.6772652912338561,0.626277427338038,0.034892732512698095
256.0,0.0625,0.0009765625,0.5898334537629689,0.605380550126325,0.6082852000698077,0.6277946837699926,0.6404332570901026,0.6143454289638394,0.01987076738738179
256.0,0.0625,0.001953125,0.5655353495062466,0.575391580045915,0.5898204286004249,0.5804403810062673,0.5850322745787929,0.5792440027475293,0.00934832244194144
256.0,0.0625,0.00390625,0.5356549199715307,0.5381001796965974,0.5468557159259186,0.5568460064292403,0.5360325961243272,0.5426978836295229,0.009119007953587808
256.0,0.0625,0.0078125,0.5351382987008225,0.5216664948092532,0.5323465573883844,0.5569902066669024,0.5222867335386318,0.5336856582207989,0.014330048034667553
256.0,0.0625,0.015625,0.5755768265714359,0.5429839603412195,0.5532482029626964,0.5831956701897811,0.5602005486986539,0.5630410417527573,0.016352442902837855
256.0,0.0625,0.03125,0.6604509112358584,0.6230654552315024,0.6263988423953742,0.6573887202729328,0.64785615514296,0.6430320168557255,0.017379090887993984
256.0,0.0625,0.0625,0.7358614897333432,0.6955862499182885,0.6950600967953399,0.7388888272283983,0.7319590643545653,0.719471145605987,0.022181216157605155
256.0,0.0625,0.125,0.7589980209096621,0.7242198391046117,0.7149688468131482,0.7693320888237518,0.7593734424135793,0.7453784476129506,0.024122396845682677
256.0,0.0625,0.25,0.7617484575614709,0.7294142850880225,0.7164872760483312,0.772573582576759,0.7628334362540897,0.7486114075057346,0.02423594103306876
256.0,0.0625,0.5,0.761977979752449,0.730009600396783,0.7165342378714106,0.7726566333252362,0.7630414976625032,0.7488439898016763,0.024185570114821787
256.0,0.0625,1.0,0.7619817379765405,0.7300216545755029,0.7165349696563419,0.7726567536357397,0.7630441906228225,0.7488478612933894,0.024183914401207554
256.0,0.125,3.0517578125e-05,0.5162017003927257,0.5191546014398392,0.5351191650168065,0.5416440443344355,0.5326605925545367,0.5289560207476687,0.010856272959183585
256.0,0.125,6.103515625e-05,0.5410848246991876,0.5222637064605211,0.5663393803543779,0.5607621453003795,0.5623414775618947,0.5505583068752722,0.01858988291625134
256.0,0.125,0.0001220703125,0.5659328636517109,0.5362734040280588,0.5908714960055815,0.5781026461004757,0.5996281312392261,0.5741617082050106,0.02473117555880248
256.0,0.125,0.000244140625,0.5907485412168323,0.5529844201054496,0.59872332018962,0.6006361806374981,0.6446587391183493,0.5975502402535499,0.03264385564368663
256.0,0.125,0.00048828125,0.5961457262722096,0.5810987652840851,0.6086111266411746,0.6420804442894875,0.6649754295074558,0.6185822983988826,0.03432318736706517
256.0,0.125,0.0009765625,0.5756184734694885,0.5923090240340563,0.5907479224503002,0.6185634994026361,0.6286789973111325,0.6011835833335227,0.02179045052057825
256.0,0.125,0.001953125,0.5537028945337504,0.5613133281967992,0.5738290708117322,0.572945922023307,0.5741160265698462,0.567181448427087,0.009241410381011611
256.0,0.125,0.00390625,0.5261636427525804,0.5295733315683067,0.5386704861945839,0.5581444169004885,0.5293552490003294,0.5363814252832577,0.01302869887039738
256.0,0.125,0.0078125,0.5340218481931512,0.5188613225273693,0.5311113656184641,0.5617424062511395,0.5222666452809401,0.5336007175742129,0.016911828899049526
256.0,0.125,0.015625,0.5815905539639422,0.5461158146188505,0.5572940945463349,0.5899377008867278,0.5646200549612056,0.5679116437954121,0.017824735993784882
256.0,0.125,0.03125,0.6649818608444136,0.6284761028284528,0.6314222858757896,0.663878623814353,0.6533958247599934,0.6484309396246004,0.01749788443188392
256.0,0.125,0.0625,0.7385262831525988,0.6985583220751336,0.6976924873182502,0.743117041603317,0.7353455568875064,0.7226479382073612,0.022557812874132818
256.0,0.125,0.125,0.759866601095387,0.7250205515675617,0.7159792373133378,0.7709391090888172,0.7605312806401594,0.7464673559410526,0.024319186078411555
256.0,0.125,0.25,0.7624627986089338,0.7298585218286859,0.717299151463891,0.7738898739274583,0.7636361994655257,0.749429309058899,0.02442022501153547
256.0,0.125,0.5,0.7626837218177054,0.7304274299218112,0.7173488365335534,0.7739659128636645,0.7638281482495155,0.7496508098772499,0.024367159092810595
256.0,0.125,1.0,0.7626874155174408,0.7304389852491704,0.7173497958192925,0.7739660238547801,0.7638306361429669,0.7496545713167302,0.024365445995749614
256.0,0.25,3.0517578125e-05,0.5237135737083546,0.5050035827984897,0.5461494705434784,0.5594876555833377,0.5373592475847013,0.5343427060436724,0.020943556915986514
256.0,0.25,6.103515625e-05,0.5365534983423903,0.5038624080434624,0.5723516616704301,0.5824344467545557,0.564961797202713,0.5520327624027103,0.031875816360860836
256.0,0.25,0.0001220703125,0.5471269666097208,0.5212177872559025,0.601069471427955,0.5996979082986826,0.6015396279679387,0.57413035231204,0.037615179216842765
256.0,0.25,0.000244140625,0.5623727798220508,0.5447577906827689,0.6023450693109607,0.6231366409931736,0.637197983541917,0.5939620528701741,0.03940088465682188
256.0,0.25,0.00048828125,0.5719669080252962,0.5684557455124023,0.5951056829720394,0.6444983311677781,0.649847975170134,0.6059749285695301,0.039023300168730415
256.0,0.25,0.0009765625,0.5538125141190007,0.577877214489441,0.5741074315882843,0.6056837048069794,0.6048502157920382,0.5832662161591488,0.022072936342439987
256.0,0.25,0.001953125,0.5306792968411073,0.5425124137840354,0.5540739863611229,0.5716187808586659,0.5563061535759577,0.5510381262841777,0.01539238131832796
256.0,0.25,0.00390625,0.5168701271456514,0.5168123418505767,0.5308915864107422,0.5639937497666279,0.5245093407944961,0.5306154291936188,0.019563559308127813
256.0,0.25,0.0078125,0.5372644641111296,0.5203919012426937,0.5308239305773724,0.5716720735624996,0.527162956459941,0.5374630651907273,0.020074179204824984
256.0,0.25,0.015625,0.5971955065951293,0.5587534605205955,0.5710920714159199,0.6078594336874978,0.576842033768926,0.5823485011976137,0.019906001515251816
256.0,0.25,0.03125,0.6765617393074317,0.6396481953987765,0.6426853890646368,0.6779768778724521,0.6661196086498979,0.660598362058639,0.018351501802029577
256.0,0.25,0.0625,0.7444507664326483,0.7054201867616917,0.7032444545480239,0.7520763886143578,0.7425621382821246,0.7295507869277692,0.02330781184658848
256.0,0.25,0.125,0.7625174569469011,0.7273004550413059,0.7186895497277461,0.7749873569865292,0.763763909971468,0.7494517457347901,0.024822422722101996
256.0,0.25,0.25,0.7647762296665099,0.7315194361041171,0.7197389876683626,0.7773613849913964,0.766299311316807,0.7519390699494386,0.0248551305021131
256.0,0.25,0.5,0.7649805728396776,0.7320379227960405,0.7197914081939687,0.7774235809199048,0.7664622899016789,0.7521391549302541,0.02479814841469339
256.0,0.25,1.0,0.7649840673575425,0.7320485587186226,0.719792432217884,0.7774236740964925,0.7664644267686453,0.7521426318318374,0.02479644411958067
256.0,0.5,3.0517578125e-05,0.5313936539665572,0.512239606426069,0.5356584768109881,0.5516621667281422,0.5359403517659445,0.5333788511395403,0.014114232909062467
256.0,0.5,6.103515625e-05,0.5370215918840985,0.5342671910497513,0.5603658072536575,0.5843208524477075,0.5499379229524877,0.5531826731175405,0.020314330164562803
256.0,0.5,0.0001220703125,0.5464154829257631,0.5602771220466815,0.5604905910843283,0.614738316045313,0.5882402714865931,0.5740323567177358,0.027359265259803412
256.0,0.5,0.000244140625,0.5578137495395978,0.5731215135696203,0.5658975497528925,0.6612720991894585,0.6252009733925729,0.5966611770888284,0.04471781071454503
256.0,0.5,0.00048828125,0.5481269131571812,0.5738264832663199,0.5495667113893389,0.6329021932491206,0.6053921411432688,0.5819628884410459,0.036757071621178264
256.0,0.5,0.0009765625,0.533315657967959,0.5541150142685651,0.5469866230591646,0.5995627567737702,0.5725875062109899,0.5613135116560898,0.02564695702196073
256.0,0.5,0.001953125,0.5234596657672899,0.5247790812763845,0.5357211206257155,0.576887659937126,0.5427845557452168,0.5407264166703466,0.021733514628683687
256.0,0.5,0.00390625,0.5408746629045991,0.5224427212260108,0.5379298959352544,0.5779132174678983,0.5360313023774571,0.5430383599822439,0.0207383272388466
256.0,0.5,0.0078125,0.5836365661740245,0.5452037381466812,0.5600441432425379,0.6020623415149465,0.5615708803440649,0.5705035338844511,0.022347850525403938
256.0,0.5,0.015625,0.647596719202779,0.6041773003374318,0.6144388411395575,0.6519851135650249,0.6218403132361225,0.6280076574961831,0.020908638005221906
256.0,0.5,0.03125,0.713235035679828,0.67516193366735,0.6749805525048425,0.7177131847091377,0.7023538442923536,0.6966889101707023,0.02050944524943734
256.0,0.5,0.0625,0.7607348423402407,0.7235697023796146,0.7222197928472986,0.7742773246295411,0.7620893923443477,0.7485782109082085,0.024036284338136506
256.0,0.5,0.125,0.7735925694767216,0.7369846262603869,0.7312063506234869,0.7897940549202929,0.7755027181406242,0.7614160638843025,0.02579502573893893
256.0,0.5,0.25,0.7751352755538035,0.7398919175603338,0.7317179739626936,0.7913320361127448,0.7771000750231896,0.763035455642553,0.025794009189365925
256.0,0.5,0.5,0.7753220493217531,0.740313477771376,0.7317906519285949,0.7913709710812518,0.7772129644194706,0.7632020229044894,0.02572572102377478
256.0,0.5,1.0,0.7753254600217321,0.7403223430365419,0.731792275035644,0.7913710285175835,0.7772145164797521,0.7632051246182507,0.02572388260403209
256.0,1.0,3.0517578125e-05,0.620998723257899,0.5838315814741232,0.619640289160251,0.6569412237823528,0.6036492290348736,0.6170122093418999,0.026910261050879018
256.0,1.0,6.103515625e-05,0.6173806323407087,0.5943263256420103,0.628502754409765,0.650450169379503,0.6034146870329031,0.6188149137609781,0.021986124880335287
256.0,1.0,0.0001220703125,0.6100116329769458,0.6039101282876577,0.6341087700140796,0.6397942416827537,0.6007608624265275,0.6177171270775927,0.017983379224189404
256.0,1.0,0.000244140625,0.6128692082316656,0.6055487660894733,0.6357395150007142,0.6431539441548406,0.6033768621784841,0.6201376591310355,0.018164235299171116
256.0,1.0,0.00048828125,0.6184448135381541,0.6099397864326465,0.6394676647677556,0.6492395198914352,0.6086523958944439,0.6251488361048871,0.018260487053366872
256.0,1.0,0.0009765625,0.6283523973822327,0.6195380548834929,0.6486739789502798,0.6591543908356066,0.6199326688653632,0.6351302981833952,0.01789283546394595
256.0,1.0,0.001953125,0.6469105399357704,0.6395261583703353,0.6654861509336022,0.680027795269143,0.6406596915820064,0.6545220672181715,0.01764746003785374
256.0,1.0,0.00390625,0.6767304150952289,0.668748416232125,0.6931903623344404,0.7064816293203504,0.6694100268507336,0.6829121699665758,0.016449122578729995
256.0,1.0,0.0078125,0.7160809326343868,0.7028293448466755,0.72311974720329,0.7368939304031108,0.7064889224801942,0.7170825755135315,0.013650280052650577
256.0,1.0,0.015625,0.7647714155843294,0.7447517276376078,0.7542233967006277,0.7765236397599079,0.7574680857126252,0.7595476530790195,0.011906547931533458
256.0,1.0,0.03125,0.8131657882407215,0.7841300900811361,0.7880650793431594,0.8278014054951441,0.8065292716922116,0.8039383269704745,0.018066763625659177
256.0,1.0,0.0625,0.838466909003909,0.8034529368069926,0.8057126742556986,0.8559941636484234,0.8388837511196255,0.8285020869669297,0.022965779784970653
256.0,1.0,0.125,0.8442484509022151,0.80894679731297,0.8096154646132923,0.861506922556988,0.8444556021977461,0.8337546475166423,0.023414465045492293
256.0,1.0,0.25,0.8448376639923973,0.8103262863715301,0.8098272909028967,0.8619378277590528,0.8447987365635623,0.8343455611178878,0.023231215054861122
256.0,1.0,0.5,0.8448734673118443,0.8105096102675566,0.8098297912039846,0.8619470865875929,0.8448190258454014,0.8343957962432759,0.023192333809115295
256.0,1.0,1.0,0.8448739543936798,0.8105135348748955,0.8098297921441295,0.8619470967400604,0.8448193261101345,0.8343967408525799,0.02319141486186088
512.0,0.015625,3.0517578125e-05,0.5456574452741283,0.5579698078053845,0.5612816511330192,0.5459734998015651,0.5481577819195076,0.5518080371867209,0.007295765025862145
512.0,0.015625,6.103515625e-05,0.5709896977512571,0.5740607966998255,0.5890259917414876,0.5627441220853794,0.6015845231652581,0.5796810262886416,0.01550061652890842
512.0,0.015625,0.0001220703125,0.5956010185862217,0.584257862414418,0.592140059683987,0.5837653805906241,0.6624213914206656,0.6036371425391833,0.033252043320753204
512.0,0.015625,0.000244140625,0.6334302133501093,0.5953988486404954,0.6209924243184479,0.6238473997405615,0.7066796838152939,0.6360697139729816,0.04190335225279222
512.0,0.015625,0.00048828125,0.6333496882110424,0.6311473887945295,0.6478374798810154,0.6795219956713406,0.6975107820149657,0.6578734669145787,0.02939470851623028
512.0,0.015625,0.0009765625,0.6105453382558953,0.6322888684324809,0.6411700406444115,0.6350513256676226,0.6508454015704694,0.6339801949141759,0.014910813946066928
512.0,0.015625,0.001953125,0.5736791197630213,0.5862230409031329,0.6018396631943435,0.5863559933141481,0.5950975063359742,0.588639064702124,0.010616223521472994
512.0,0.015625,0.00390625,0.5415131396469173,0.546913472181114,0.5545803973283212,0.559479230026052,0.5423288074527814,0.5489630093270372,0.00783995760541831
512.0,0.015625,0.0078125,0.5370225711120022,0.5265390410851903,0.5339460332429142,0.5559672830076383,0.5240779971133499,0.5355105851122189,0.01259367979961117
512.0,0.015625,0.015625,0.5715284521720089,0.5417659265277572,0.5516319756548768,0.5791658068785047,0.5573677855304928,0.5602919893527281,0.015076810784455606
512.0,0.015625,0.03125,0.6573300235645685,0.6192843058157194,0.6230747240064733,0.652569066164528,0.6443434783576802,0.6393203195817938,0.01725160913422023
512.0,0.015625,0.0625,0.7340793746585643,0.6933815235084884,0.6931512960473479,0.7359010974046324,0.7295998538068138,0.7172226290851693,0.021988963886650073
512.0,0.015625,0.125,0.758650185832174,0.7236906943904601,0.7143420115963617,0.7681788933965386,0.7586969415701762,0.7447117453571421,0.024004052707514566
512.0,0.015625,0.25,0.761548225523546,0.7291765083607598,0.7160168796558135,0.7716374747229128,0.7624134178332602,0.7481585012192584,0.024120268712278462
512.0,0.015625,0.5,0.7617819639802974,0.7297925954519711,0.7160658061761991,0.7717256849900355,0.7626345357359353,0.7484001172668877,0.024070324790197255
512.0,0.015625,1.0,0.761785735750077,0.729805033837172,0.7160665399702909,0.7717258122572611,0.7626373960722687,0.7484041035774138,0.024068652880060146
512.0,0.03125,3.0517578125e-05,0.5435199192893143,0.5540133541309162,0.5606446970111518,0.544961725947236,0.5486000476765109,0.5503479488110259,0.007038230635601774
512.0,0.03125,6.103515625e-05,0.5698274250446697,0.5659997466324135,0.5851859065935088,0.5642614938524543,0.6011271294497711,0.5772803403145634,0.015680046502608062
512.0,0.03125,0.0001220703125,0.5962627336735131,0.5781160139794747,0.5922262400132725,0.5844844099469477,0.6584248661867108,0.6019028527599838,0.03236279356209626
512.0,0.03125,0.000244140625,0.6318155366048255,0.5927654740152704,0.6193040079232418,0.6252394903738234,0.7037236496397907,0.6345696317113904,0.041405137492827676
512.0,0.03125,0.00048828125,0.6277958321908408,0.6288784768829394,0.6460577842479223,0.676988526492551,0.6934237784208493,0.6546288796470205,0.029417500457070197
512.0,0.03125,0.0009765625,0.607318386681539,0.6289782997356494,0.6374650477718812,0.6329537094957564,0.6473738383023186,0.6308178563974289,0.014819384299804655
512.0,0.03125,0.001953125,0.5709831704557692,0.5824697651240902,0.5976477369462954,0.5841691854992328,0.5921061121628676,0.5854751940376511,0.010159932145452804
512.0,0.03125,0.00390625,0.5395575775140666,0.54373669864811,0.5518792900958959,0.5582336755707822,0.5400354579003263,0.5466885399458361,0.008124985179575696
512.0,0.03125,0.0078125,0.5363269871290736,0.5246980561841483,0.5333332938647461,0.5560859765850672,0.523556358692294,0.5348001344910658,0.013096225165902902
512.0,0.03125,0.015625,0.5728513100950194,0.5420503688070001,0.5519720582440045,0.5804060263640962,0.5581980782770363,0.5610955683574314,0.015535803517195166
512.0,0.03125,0.03125,0.6583302797870998,0.620527700059607,0.6241386747016864,0.6541469812642273,0.645525276130322,0.6405337823885884,0.017291561520549413
512.0,0.03125,0.0625,0.7346455950189225,0.6941218970303493,0.6937665583380218,0.736897948664692,0.7303852412224797,0.7179634480548931,0.022051186551955704
512.0,0.03125,0.125,0.7587475469782262,0.723863939541039,0.7145381739861898,0.7685642250317287,0.7589094503362843,0.7449246671746936,0.024043544240448946
512.0,0.03125,0.25,0.761598060966867,0.7292533047760471,0.7161626231642823,0.7719468607533996,0.7625419433385371,0.7483005585998266,0.024157985151405895
512.0,0.03125,0.5,0.7618286343986519,0.729862613079939,0.7162109448586231,0.7720333015383616,0.7627594670244598,0.7485389921800071,0.024107720999870883
512.0,0.03125,1.0,0.7618323582027969,0.7298749257198883,0.7162116793050481,0.7720334264428481,0.7627622851258111,0.7485429349592785,0.02410604976237633
512.0,0.0625,3.0517578125e-05,0.5363324159798206,0.5446588297839668,0.5627650533929598,0.5488198595640652,0.5509392878105329,0.548703089306269,0.009645499554875224
512.0,0.0625,6.103515625e-05,0.5684802894489958,0.5551441661563127,0.582259439502844,0.565487976618064,0.6025485359356436,0.574784081532372,0.018293629644531153
512.0,0.0625,0.0001220703125,0.5953094661343075,0.5699686583391934,0.5939079366409311,0.5848403722911943,0.6482232181176719,0.5984499303046598,0.02959845994074819
512.0,0.0625,0.000244140625,0.6249640049647094,0.5874362028041651,0.6178190806332363,0.6321453166903757,0.7016991018315288,0.632812741384803,0.042104687657683264
512.0,0.0625,0.00048828125,0.6157300688557908,0.6240040090933552,0.6375993089930995,0.6706882067100922,0.6869093983193791,0.6469861983943435,0.03061407944836256
512.0,0.0625,0.0009765625,0.6014629924183872,0.6246957775904768,0.629636211993917,0.6281330874951861,0.6404332570901026,0.624872265317614,0.01434832585826798
512.0,0.0625,0.001953125,0.5655353495062466,0.575391580045915,0.5898204286004249,0.5804403810062673,0.5850322745787929,0.5792440027475293,0.00934832244194144
512.0,0.0625,0.00390625,0.5356549199715307,0.5381001796965974,0.5468557159259186,0.5568460064292403,0.5360325961243272,0.5426978836295229,0.009119007953587808
512.0,0.0625,0.0078125,0.5351382987008225,0.5216664948092532,0.5323465573883844,0.5569902066669024,0.5222867335386318,0.5336856582207989,0.014330048034667553
512.0,0.0625,0.015625,0.5755768265714359,0.5429839603412195,0.5532482029626964,0.5831956701897811,0.5602005486986539,0.5630410417527573,0.016352442902837855
512.0,0.0625,0.03125,0.6604509112358584,0.6230654552315024,0.6263988423953742,0.6573887202729328,0.64785615514296,0.6430320168557255,0.017379090887993984
512.0,0.0625,0.0625,0.7358614897333432,0.6955862499182885,0.6950600967953399,0.7388888272283983,0.7319590643545653,0.719471145605987,0.022181216157605155
512.0,0.0625,0.125,0.7589980209096621,0.7242198391046117,0.7149688468131482,0.7693320888237518,0.7593734424135793,0.7453784476129506,0.024122396845682677
512.0,0.0625,0.25,0.7617484575614709,0.7294142850880225,0.7164872760483312,0.772573582576759,0.7628334362540897,0.7486114075057346,0.02423594103306876
512.0,0.0625,0.5,0.761977979752449,0.730009600396783,0.7165342378714106,0.7726566333252362,0.7630414976625032,0.7488439898016763,0.024185570114821787
512.0,0.0625,1.0,0.7619817379765405,0.7300216545755029,0.7165349696563419,0.7726567536357397,0.7630441906228225,0.7488478612933894,0.024183914401207554
512.0,0.125,3.0517578125e-05,0.5421304789388045,0.5242982215167017,0.568208706044651,0.5626675855257071,0.5607664748229205,0.551614293369757,0.01814815929029115
512.0,0.125,6.103515625e-05,0.5675844404807058,0.5417745320535808,0.5933022263232045,0.5826568468101272,0.6016464053352301,0.5773928902005696,0.02363219379592034
512.0,0.125,0.0001220703125,0.5904926464228646,0.5599500489753888,0.6060968225106143,0.5984116941408814,0.6475632355139243,0.6005028895127347,0.03160331941657949
512.0,0.125,0.000244140625,0.6057978833065731,0.5798905950241923,0.6194709504609649,0.6457009841138395,0.6985421920195832,0.6298805209850306,0.04514431696372363
512.0,0.125,0.00048828125,0.6003279906474509,0.6115974148327681,0.6178742580228859,0.6612410498890031,0.6798869783163941,0.6341855383417003,0.03443558132952335
512.0,0.125,0.0009765625,0.587844221090572,0.6135086954518818,0.6174287326239698,0.6185634994026361,0.6286789973111325,0.6132048291760385,0.015241877866475744
512.0,0.125,0.001953125,0.5537028945337504,0.5613133281967992,0.5738290708117322,0.572945922023307,0.5741160265698462,0.567181448427087,0.009241410381011611
512.0,0.125,0.00390625,0.5261636427525804,0.5295733315683067,0.5386704861945839,0.5581444169004885,0.5293552490003294,0.5363814252832577,0.01302869887039738
512.0,0.125,0.0078125,0.5340218481931512,0.5188613225273693,0.5311113656184641,0.5617424062511395,0.5222666452809401,0.5336007175742129,0.016911828899049526
512.0,0.125,0.015625,0.5815905539639422,0.5461158146188505,0.5572940945463349,0.5899377008867278,0.5646200549612056,0.5679116437954121,0.017824735993784882
512.0,0.125,0.03125,0.6649818608444136,0.6284761028284528,0.6314222858757896,0.663878623814353,0.6533958247599934,0.6484309396246004,0.01749788443188392
512.0,0.125,0.0625,0.7385262831525988,0.6985583220751336,0.6976924873182502,0.743117041603317,0.7353455568875064,0.7226479382073612,0.022557812874132818
512.0,0.125,0.125,0.759866601095387,0.7250205515675617,0.7159792373133378,0.7709391090888172,0.7605312806401594,0.7464673559410526,0.024319186078411555
512.0,0.125,0.25,0.7624627986089338,0.7298585218286859,0.717299151463891,0.7738898739274583,0.7636361994655257,0.749429309058899,0.02442022501153547
512.0,0.125,0.5,0.7626837218177054,0.7304274299218112,0.7173488365335534,0.7739659128636645,0.7638281482495155,0.7496508098772499,0.024367159092810595
512.0,0.125,1.0,0.7626874155174408,0.7304389852491704,0.7173497958192925,0.7739660238547801,0.7638306361429669,0.7496545713167302,0.024365445995749614
512.0,0.25,3.0517578125e-05,0.5375386688225683,0.5051459770216182,0.5733664135088725,0.5829516837859421,0.5649697031148601,0.5527944892507722,0.031559535235562375
512.0,0.25,6.103515625e-05,0.5475281415209334,0.5228150262276281,0.6028447747858706,0.6029916471731582,0.6083343921575008,0.5769027963730182,0.039146892662712186
512.0,0.25,0.0001220703125,0.5665904111482325,0.5553391299450762,0.6105700908605283,0.622004937608734,0.6396861847800633,0.5988381508685269,0.03631453509494113
512.0,0.25,0.000244140625,0.5771778253028624,0.5848025507572027,0.6086579191497855,0.6524597223819318,0.6778413766999314,0.6201878788583428,0.04358991804400605
512.0,0.25,0.00048828125,0.5698988217086669,0.6074818819340867,0.594369398731072,0.6486109270195453,0.6539341299962385,0.6148590318779219,0.03592256124240414
512.0,0.25,0.0009765625,0.5581335584446252,0.5895785451307334,0.5948893847556478,0.6056837048069794,0.6048502157920382,0.5906270817860049,0.019391332810102198
512.0,0.25,0.001953125,0.5306792968411073,0.5425124137840354,0.5540739863611229,0.5716187808586659,0.5563061535759577,0.5510381262841777,0.01539238131832796
512.0,0.25,0.00390625,0.5168701271456514,0.5168123418505767,0.5308915864107422,0.5639937497666279,0.5245093407944961,0.5306154291936188,0.019563559308127813
512.0,0.25,0.0078125,0.5372644641111296,0.5203919012426937,0.5308239305773724,0.5716720735624996,0.527162956459941,0.5374630651907273,0.020074179204824984
512.0,0.25,0.015625,0.5971955065951293,0.5587534605205955,0.5710920714159199,0.6078594336874978,0.576842033768926,0.5823485011976137,0.019906001515251816
512.0,0.25,0.03125,0.6765617393074317,0.6396481953987765,0.6426853890646368,0.6779768778724521,0.6661196086498979,0.660598362058639,0.018351501802029577
512.0,0.25,0.0625,0.7444507664326483,0.7054201867616917,0.7032444545480239,0.7520763886143578,0.7425621382821246,0.7295507869277692,0.02330781184658848
512.0,0.25,0.125,0.7625174569469011,0.7273004550413059,0.7186895497277461,0.7749873569865292,0.763763909971468,0.7494517457347901,0.024822422722101996
512.0,0.25,0.25,0.7647762296665099,0.7315194361041171,0.7197389876683626,0.7773613849913964,0.766299311316807,0.7519390699494386,0.0248551305021131
512.0,0.25,0.5,0.7649805728396776,0.7320379227960405,0.7197914081939687,0.7774235809199048,0.7664622899016789,0.7521391549302541,0.02479814841469339
512.0,0.25,1.0,0.7649840673575425,0.7320485587186226,0.719792432217884,0.7774236740964925,0.7664644267686453,0.7521426318318374,0.02479644411958067
512.0,0.5,3.0517578125e-05,0.5387662291027127,0.5351882305724425,0.5628346818015459,0.5840689877350785,0.5505721465812985,0.5542860551586156,0.019871380877940693
512.0,0.5,6.103515625e-05,0.5479447012916842,0.5644844551648878,0.5657058698698737,0.6156906423807529,0.5894375434821391,0.5766526424378675,0.026360299838350424
512.0,0.5,0.0001220703125,0.5684079713679493,0.586750278053675,0.5764133495083189,0.668114533611544,0.6267322418616881,0.6052836748806351,0.041667006818970814
512.0,0.5,0.000244140625,0.565393807310895,0.5898020501360444,0.5824958271807665,0.6745279582556526,0.6289612401592306,0.6082361766085178,0.04376636776005138
512.0,0.5,0.00048828125,0.55123107333892,0.6003832012696486,0.5634755079960405,0.6344256746090822,0.6053921411432688,0.590981519671392,0.0336159593357309
512.0,0.5,0.0009765625,0.533315657967959,0.5541150142685651,0.5469866230591646,0.5995627567737702,0.5725875062109899,0.5613135116560898,0.02564695702196073
512.0,0.5,0.001953125,0.5234596657672899,0.5247790812763845,0.5357211206257155,0.576887659937126,0.5427845557452168,0.5407264166703466,0.021733514628683687
512.0,0.5,0.00390625,0.5408746629045991,0.5224427212260108,0.5379298959352544,0.5779132174678983,0.5360313023774571,0.5430383599822439,0.0207383272388466
512.0,0.5,0.0078125,0.5836365661740245,0.5452037381466812,0.5600441432425379,0.6020623415149465,0.5615708803440649,0.5705035338844511,0.022347850525403938
512.0,0.5,0.015625,0.647596719202779,0.6041773003374318,0.6144388411395575,0.6519851135650249,0.6218403132361225,0.6280076574961831,0.020908638005221906
512.0,0.5,0.03125,0.713235035679828,0.67516193366735,0.6749805525048425,0.7177131847091377,0.7023538442923536,0.6966889101707023,0.02050944524943734
512.0,0.5,0.0625,0.7607348423402407,0.7235697023796146,0.7222197928472986,0.7742773246295411,0.7620893923443477,0.7485782109082085,0.024036284338136506
512.0,0.5,0.125,0.7735925694767216,0.7369846262603869,0.7312063506234869,0.7897940549202929,0.7755027181406242,0.7614160638843025,0.02579502573893893
512.0,0.5,0.25,0.7751352755538035,0.7398919175603338,0.7317179739626936,0.7913320361127448,0.7771000750231896,0.763035455642553,0.025794009189365925
512.0,0.5,0.5,0.7753220493217531,0.740313477771376,0.7317906519285949,0.7913709710812518,0.7772129644194706,0.7632020229044894,0.02572572102377478
512.0,0.5,1.0,0.7753254600217321,0.7403223430365419,0.731792275035644,0.7913710285175835,0.7772145164797521,0.7632051246182507,0.02572388260403209
512.0,1.0,3.0517578125e-05,0.6168810799336688,0.5934271988786446,0.6277665398712808,0.649825096587892,0.602721584985877,0.6181243000514727,0.022060424541360802
512.0,1.0,6.103515625e-05,0.6085630896048114,0.603073435583885,0.6332257493208625,0.6380221286013946,0.5993176644992295,0.6164404135220367,0.01789856690520148
512.0,1.0,0.0001220703125,0.6100116329769458,0.6039101282876577,0.6341087700140796,0.6395646715831025,0.6007608624265275,0.6176712130576625,0.01791307751636159
512.0,1.0,0.000244140625,0.6128692082316656,0.6055487660894733,0.6357395150007142,0.6431539441548406,0.6033768621784841,0.6201376591310355,0.018164235299171116
512.0,1.0,0.00048828125,0.6184448135381541,0.6099397864326465,0.6394676647677556,0.6492395198914352,0.6086523958944439,0.6251488361048871,0.018260487053366872
512.0,1.0,0.0009765625,0.6283523973822327,0.6195380548834929,0.6486739789502798,0.6591543908356066,0.6199326688653632,0.6351302981833952,0.01789283546394595
512.0,1.0,0.001953125,0.6469105399357704,0.6395261583703353,0.6654861509336022,0.680027795269143,0.6406596915820064,0.6545220672181715,0.01764746003785374
512.0,1.0,0.00390625,0.6767304150952289,0.668748416232125,0.6931903623344404,0.7064816293203504,0.6694100268507336,0.6829121699665758,0.016449122578729995
512.0,1.0,0.0078125,0.7160809326343868,0.7028293448466755,0.72311974720329,0.7368939304031108,0.7064889224801942,0.7170825755135315,0.013650280052650577
512.0,1.0,0.015625,0.7647714155843294,0.7447517276376078,0.7542233967006277,0.7765236397599079,0.7574680857126252,0.7595476530790195,0.011906547931533458
512.0,1.0,0.03125,0.8131657882407215,0.7841300900811361,0.7880650793431594,0.8278014054951441,0.8065292716922116,0.8039383269704745,0.018066763625659177
512.0,1.0,0.0625,0.838466909003909,0.8034529368069926,0.8057126742556986,0.8559941636484234,0.8388837511196255,0.8285020869669297,0.022965779784970653
512.0,1.0,0.125,0.8442484509022151,0.80894679731297,0.8096154646132923,0.861506922556988,0.8444556021977461,0.8337546475166423,0.023414465045492293
512.0,1.0,0.25,0.8448376639923973,0.8103262863715301,0.8098272909028967,0.8619378277590528,0.8447987365635623,0.8343455611178878,0.023231215054861122
512.0,1.0,0.5,0.8448734673118443,0.8105096102675566,0.8098297912039846,0.8619470865875929,0.8448190258454014,0.8343957962432759,0.023192333809115295
512.0,1.0,1.0,0.8448739543936798,0.8105135348748955,0.8098297921441295,0.8619470967400604,0.8448193261101345,0.8343967408525799,0.02319141486186088
1024.0,0.015625,3.0517578125e-05,0.5731157248513448,0.5792147626321136,0.5926706269285562,0.5643280703203437,0.6037219238412733,0.5826102217147263,0.015675039014497624
1024.0,0.015625,6.103515625e-05,0.5949162230131412,0.5952666682767173,0.6024503431939069,0.586187344811165,0.6680713160694898,0.6093783790728841,0.03331282389728901
1024.0,0.015625,0.0001220703125,0.630383608793892,0.6006946095048878,0.6228788607172608,0.6152338396423824,0.7143648579901162,0.6367111553297079,0.04477704327711899
1024.0,0.015625,0.000244140625,0.6544755865603923,0.6422693269408226,0.6452715850048135,0.6810248778525799,0.7291771355341569,0.670443702378553,0.03620769632212754
1024.0,0.015625,0.00048828125,0.6341713794848338,0.660443236203431,0.6579602996051128,0.6908419182752727,0.6966030575281674,0.6680039782193636,0.025700991616949838
1024.0,0.015625,0.0009765625,0.6109265647209878,0.6428980860469202,0.6532983938636754,0.6350513256676226,0.6508454015704694,0.638603954373935,0.017050500116815488
1024.0,0.015625,0.001953125,0.5736791197630213,0.5862230409031329,0.6018396631943435,0.5863559933141481,0.5950975063359742,0.588639064702124,0.010616223521472994
1024.0,0.015625,0.00390625,0.5415131396469173,0.546913472181114,0.5545803973283212,0.559479230026052,0.5423288074527814,0.5489630093270372,0.00783995760541831
1024.0,0.015625,0.0078125,0.5370225711120022,0.5265390410851903,0.5339460332429142,0.5559672830076383,0.5240779971133499,0.5355105851122189,0.01259367979961117
1024.0,0.015625,0.015625,0.5715284521720089,0.5417659265277572,0.5516319756548768,0.5791658068785047,0.5573677855304928,0.5602919893527281,0.015076810784455606
1024.0,0.015625,0.03125,0.6573300235645685,0.6192843058157194,0.6230747240064733,0.652569066164528,0.6443434783576802,0.6393203195817938,0.01725160913422023
1024.0,0.015625,0.0625,0.7340793746585643,0.6933815235084884,0.6931512960473479,0.7359010974046324,0.7295998538068138,0.7172226290851693,0.021988963886650073
1024.0,0.015625,0.125,0.758650185832174,0.7236906943904601,0.7143420115963617,0.7681788933965386,0.7586969415701762,0.7447117453571421,0.024004052707514566
1024.0,0.015625,0.25,0.761548225523546,0.7291765083607598,0.7160168796558135,0.7716374747229128,0.7624134178332602,0.7481585012192584,0.024120268712278462
1024.0,0.015625,0.5,0.7617819639802974,0.7297925954519711,0.7160658061761991,0.7717256849900355,0.7626345357359353,0.7484001172668877,0.024070324790197255
1024.0,0.015625,1.0,0.761785735750077,0.729805033837172,0.7160665399702909,0.7717258122572611,0.7626373960722687,0.7484041035774138,0.024068652880060146
1024.0,0.03125,3.0517578125e-05,0.5713079623331845,0.570587093827355,0.5894203121516421,0.5645912715577714,0.6028497320120316,0.5797512743763968,0.01590696738460507
1024.0,0.03125,6.103515625e-05,0.595519833885459,0.5873423987991634,0.6007655616544416,0.5865902263200271,0.6658133217973178,0.6072062684912817,0.03328827372185004
1024.0,0.03125,0.0001220703125,0.6293277969063698,0.5964913592117741,0.6224118365057139,0.6174699514189469,0.711438844580834,0.6354279577247277,0.044223395924801734
1024.0,0.03125,0.000244140625,0.6494864420679167,0.6392821214641943,0.6453218770836134,0.6828968859233515,0.7255497216858737,0.6685074096449899,0.03610528350362437
1024.0,0.03125,0.00048828125,0.6297714086169046,0.6573905956316499,0.6550705833585219,0.6881480618980647,0.692321941789224,0.6645405182588731,0.025878638178700904
1024.0,0.03125,0.0009765625,0.6074679868269507,0.6380320184848567,0.6485894424654569,0.6329537094957564,0.6473738383023186,0.6348833991150679,0.01665164430546791
1024.0,0.03125,0.001953125,0.5709831704557692,0.5824697651240902,0.5976477369462954,0.5841691854992328,0.5921061121628676,0.5854751940376511,0.010159932145452804
1024.0,0.03125,0.00390625,0.5395575775140666,0.54373669864811,0.5518792900958959,0.5582336755707822,0.5400354579003263,0.5466885399458361,0.008124985179575696
1024.0,0.03125,0.0078125,0.5363269871290736,0.5246980561841483,0.5333332938647461,0.5560859765850672,0.523556358692294,0.5348001344910658,0.013096225165902902
1024.0,0.03125,0.015625,0.5728513100950194,0.5420503688070001,0.5519720582440045,0.5804060263640962,0.5581980782770363,0.5610955683574314,0.015535803517195166
1024.0,0.03125,0.03125,0.6583302797870998,0.620527700059607,0.6241386747016864,0.6541469812642273,0.645525276130322,0.6405337823885884,0.017291561520549413
1024.0,0.03125,0.0625,0.7346455950189225,0.6941218970303493,0.6937665583380218,0.736897948664692,0.7303852412224797,0.7179634480548931,0.022051186551955704
1024.0,0.03125,0.125,0.7587475469782262,0.723863939541039,0.7145381739861898,0.7685642250317287,0.7589094503362843,0.7449246671746936,0.024043544240448946
1024.0,0.03125,0.25,0.761598060966867,0.7292533047760471,0.7161626231642823,0.7719468607533996,0.7625419433385371,0.7483005585998266,0.024157985151405895
1024.0,0.03125,0.5,0.7618286343986519,0.729862613079939,0.7162109448586231,0.7720333015383616,0.7627594670244598,0.7485389921800071,0.024107720999870883
1024.0,0.03125,1.0,0.7618323582027969,0.7298749257198883,0.7162116793050481,0.7720334264428481,0.7627622851258111,0.7485429349592785,0.02410604976237633
1024.0,0.0625,3.0517578125e-05,0.570343717766958,0.5593150836414771,0.5842536902233342,0.5659147511997145,0.6032252929090351,0.5766105071481038,0.017461161096491304
1024.0,0.0625,6.103515625e-05,0.5949423341875557,0.5763236322561861,0.600864332441264,0.5896308145475392,0.6589026923489614,0.6041327611563012,0.03193174769178965
1024.0,0.0625,0.0001220703125,0.6258829618036359,0.5895041618406411,0.6163495388736022,0.621960539395968,0.7048250559976321,0.6317044515822958,0.04327844196760442
1024.0,0.0625,0.000244140625,0.637506137908735,0.635058507170855,0.6454196017001611,0.6870985467127819,0.7180004725426334,0.6646166532070332,0.036511842345506994
1024.0,0.0625,0.00048828125,0.6218545161584177,0.651292452213813,0.647704360398406,0.6830664396653909,0.6869124639261153,0.6581660464724286,0.027025943576841824
1024.0,0.0625,0.0009765625,0.6014629924183872,0.6294417722934649,0.6381865029828694,0.6281330874951861,0.6404332570901026,0.6275315224560021,0.015520652047003331
1024.0,0.0625,0.001953125,0.5655353495062466,0.575391580045915,0.5898204286004249,0.5804403810062673,0.5850322745787929,0.5792440027475293,0.00934832244194144
1024.0,0.0625,0.00390625,0.5356549199715307,0.5381001796965974,0.5468557159259186,0.5568460064292403,0.5360325961243272,0.5426978836295229,0.009119007953587808
1024.0,0.0625,0.0078125,0.5351382987008225,0.5216664948092532,0.5323465573883844,0.5569902066669024,0.5222867335386318,0.5336856582207989,0.014330048034667553
1024.0,0.0625,0.015625,0.5755768265714359,0.5429839603412195,0.5532482029626964,0.5831956701897811,0.5602005486986539,0.5630410417527573,0.016352442902837855
1024.0,0.0625,0.03125,0.6604509112358584,0.6230654552315024,0.6263988423953742,0.6573887202729328,0.64785615514296,0.6430320168557255,0.017379090887993984
1024.0,0.0625,0.0625,0.7358614897333432,0.6955862499182885,0.6950600967953399,0.7388888272283983,0.7319590643545653,0.719471145605987,0.022181216157605155
1024.0,0.0625,0.125,0.7589980209096621,0.7242198391046117,0.7149688468131482,0.7693320888237518,0.7593734424135793,0.7453784476129506,0.024122396845682677
1024.0,0.0625,0.25,0.7617484575614709,0.7294142850880225,0.7164872760483312,0.772573582576759,0.7628334362540897,0.7486114075057346,0.02423594103306876
1024.0,0.0625,0.5,0.761977979752449,0.730009600396783,0.7165342378714106,0.7726566333252362,0.7630414976625032,0.7488439898016763,0.024185570114821787
1024.0,0.0625,1.0,0.7619817379765405,0.7300216545755029,0.7165349696563419,0.7726567536357397,0.7630441906228225,0.7488478612933894,0.024183914401207554
1024.0,0.125,3.0517578125e-05,0.5694121697005081,0.5448956425096037,0.5941204708144752,0.5849246371525563,0.6013541921090644,0.5789414224572415,0.02246361725619803
1024.0,0.125,6.103515625e-05,0.5885037856605146,0.5683001847297245,0.6105076975554757,0.6037324205930266,0.6442475174899637,0.6030583212057411,0.0281622977788869
1024.0,0.125,0.0001220703125,0.6112660652941151,0.5854432555733914,0.6183773138885316,0.6403774955943845,0.6975992609466963,0.6306126782594237,0.042269451847674104
1024.0,0.125,0.000244140625,0.6197720726826194,0.630111148157798,0.6363589830925149,0.6940142472540667,0.7097855950893553,0.6580084092552709,0.040884806491247844
1024.0,0.125,0.00048828125,0.6091065727030268,0.6404130577203906,0.6318966879929027,0.6715948267628143,0.6786813660059496,0.6463385022370167,0.02878296472539469
1024.0,0.125,0.0009765625,0.587844221090572,0.6135086954518818,0.6188581239592331,0.6185634994026361,0.6286789973111325,0.6134907074430911,0.015353901077874618
1024.0,0.125,0.001953125,0.5537028945337504,0.5613133281967992,0.5738290708117322,0.572945922023307,0.5741160265698462,0.567181448427087,0.009241410381011611
1024.0,0.125,0.00390625,0.5261636427525804,0.5295733315683067,0.5386704861945839,0.5581444169004885,0.5293552490003294,0.5363814252832577,0.01302869887039738
1024.0,0.125,0.0078125,0.5340218481931512,0.5188613225273693,0.5311113656184641,0.5617424062511395,0.5222666452809401,0.5336007175742129,0.016911828899049526
1024.0,0.125,0.015625,0.5815905539639422,0.5461158146188505,0.5572940945463349,0.5899377008867278,0.5646200549612056,0.5679116437954121,0.017824735993784882
1024.0,0.125,0.03125,0.6649818608444136,0.6284761028284528,0.6314222858757896,0.663878623814353,0.6533958247599934,0.6484309396246004,0.01749788443188392
1024.0,0.125,0.0625,0.7385262831525988,0.6985583220751336,0.6976924873182502,0.743117041603317,0.7353455568875064,0.7226479382073612,0.022557812874132818
1024.0,0.125,0.125,0.759866601095387,0.7250205515675617,0.7159792373133378,0.7709391090888172,0.7605312806401594,0.7464673559410526,0.024319186078411555
1024.0,0.125,0.25,0.7624627986089338,0.7298585218286859,0.717299151463891,0.7738898739274583,0.7636361994655257,0.749429309058899,0.02442022501153547
1024.0,0.125,0.5,0.7626837218177054,0.7304274299218112,0.7173488365335534,0.7739659128636645,0.7638281482495155,0.7496508098772499,0.024367159092810595
1024.0,0.125,1.0,0.7626874155174408,0.7304389852491704,0.7173497958192925,0.7739660238547801,0.7638306361429669,0.7496545713167302,0.024365445995749614
1024.0,0.25,3.0517578125e-05,0.5496847593366988,0.5239961712801866,0.6042181166250569,0.6041248096805556,0.6107672372894108,0.5785582188423818,0.03924345642470395
1024.0,0.25,6.103515625e-05,0.5691318270166655,0.5562145098850819,0.6155556622934342,0.6247075379205214,0.6447917496854321,0.6020802573602271,0.0377727341937029
1024.0,0.25,0.0001220703125,0.5815361469427713,0.5886468707496688,0.6284306061896162,0.6556056233694972,0.6952115817729617,0.6298861658049031,0.047353518621195585
1024.0,0.25,0.000244140625,0.601386217614529,0.6233640577476227,0.6204301562962794,0.6878431283077295,0.6986809433600651,0.6463409006652452,0.043823910371478446
1024.0,0.25,0.00048828125,0.5879798522817383,0.6360586559795662,0.6205163471118434,0.6530398866631051,0.6539341299962385,0.6303057744064983,0.027365814736791266
1024.0,0.25,0.0009765625,0.5581335584446252,0.5895785451307334,0.5948893847556478,0.6056837048069794,0.6048502157920382,0.5906270817860049,0.019391332810102198
1024.0,0.25,0.001953125,0.5306792968411073,0.5425124137840354,0.5540739863611229,0.5716187808586659,0.5563061535759577,0.5510381262841777,0.01539238131832796
1024.0,0.25,0.00390625,0.5168701271456514,0.5168123418505767,0.5308915864107422,0.5639937497666279,0.5245093407944961,0.5306154291936188,0.019563559308127813
1024.0,0.25,0.0078125,0.5372644641111296,0.5203919012426937,0.5308239305773724,0.5716720735624996,0.527162956459941,0.5374630651907273,0.020074179204824984
1024.0,0.25,0.015625,0.5971955065951293,0.5587534605205955,0.5710920714159199,0.6078594336874978,0.576842033768926,0.5823485011976137,0.019906001515251816
1024.0,0.25,0.03125,0.6765617393074317,0.6396481953987765,0.6426853890646368,0.6779768778724521,0.6661196086498979,0.660598362058639,0.018351501802029577
1024.0,0.25,0.0625,0.7444507664326483,0.7054201867616917,0.7032444545480239,0.7520763886143578,0.7425621382821246,0.7295507869277692,0.02330781184658848
1024.0,0.25,0.125,0.7625174569469011,0.7273004550413059,0.7186895497277461,0.7749873569865292,0.763763909971468,0.7494517457347901,0.024822422722101996
1024.0,0.25,0.25,0.7647762296665099,0.7315194361041171,0.7197389876683626,0.7773613849913964,0.766299311316807,0.7519390699494386,0.0248551305021131
1024.0,0.25,0.5,0.7649805728396776,0.7320379227960405,0.7197914081939687,0.7774235809199048,0.7664622899016789,0.7521391549302541,0.02479814841469339
1024.0,0.25,1.0,0.7649840673575425,0.7320485587186226,0.719792432217884,0.7774236740964925,0.7664644267686453,0.7521426318318374,0.02479644411958067
1024.0,0.5,3.0517578125e-05,0.5486276243772196,0.5645019145615724,0.5686761833641012,0.6165461966622441,0.5907617579091949,0.5778227353748664,0.026364668332871828
1024.0,0.5,6.103515625e-05,0.5731447482440787,0.594174921452348,0.586370472431961,0.6674913948098498,0.6268534187966401,0.6096069911469756,0.037932911793865084
1024.0,0.5,0.0001220703125,0.5876234670101076,0.6000242142066233,0.5983268387792167,0.7067344978254357,0.6499321396533193,0.6285282314949405,0.04993032710415178
1024.0,0.5,0.000244140625,0.5782006951457636,0.6375455991534866,0.5875686816441409,0.6826078208883769,0.6291515533569385,0.6230148700377413,0.042026370604552964
1024.0,0.5,0.00048828125,0.55123107333892,0.6023982345702938,0.5714626478427945,0.6344256746090822,0.6053921411432688,0.5929819543008719,0.03227412909784087
1024.0,0.5,0.0009765625,0.533315657967959,0.5541150142685651,0.5469866230591646,0.5995627567737702,0.5725875062109899,0.5613135116560898,0.02564695702196073
1024.0,0.5,0.001953125,0.5234596657672899,0.5247790812763845,0.5357211206257155,0.576887659937126,0.5427845557452168,0.5407264166703466,0.021733514628683687
1024.0,0.5,0.00390625,0.5408746629045991,0.5224427212260108,0.5379298959352544,0.5779132174678983,0.5360313023774571,0.5430383599822439,0.0207383272388466
1024.0,0.5,0.0078125,0.5836365661740245,0.5452037381466812,0.5600441432425379,0.6020623415149465,0.5615708803440649,0.5705035338844511,0.022347850525403938
1024.0,0.5,0.015625,0.647596719202779,0.6041773003374318,0.6144388411395575,0.6519851135650249,0.6218403132361225,0.6280076574961831,0.020908638005221906
1024.0,0.5,0.03125,0.713235035679828,0.67516193366735,0.6749805525048425,0.7177131847091377,0.7023538442923536,0.6966889101707023,0.02050944524943734
1024.0,0.5,0.0625,0.7607348423402407,0.7235697023796146,0.7222197928472986,0.7742773246295411,0.7620893923443477,0.7485782109082085,0.024036284338136506
1024.0,0.5,0.125,0.7735925694767216,0.7369846262603869,0.7312063506234869,0.7897940549202929,0.7755027181406242,0.7614160638843025,0.02579502573893893
1024.0,0.5,0.25,0.7751352755538035,0.7398919175603338,0.7317179739626936,0.7913320361127448,0.7771000750231896,0.763035455642553,0.025794009189365925
1024.0,0.5,0.5,0.7753220493217531,0.740313477771376,0.7317906519285949,0.7913709710812518,0.7772129644194706,0.7632020229044894,0.02572572102377478
1024.0,0.5,1.0,0.7753254600217321,0.7403223430365419,0.731792275035644,0.7913710285175835,0.7772145164797521,0.7632051246182507,0.02572388260403209
1024.0,1.0,3.0517578125e-05,0.6079606729774678,0.6026061630453489,0.6327779030604248,0.6371856647687272,0.598616004898538,0.6158292817501013,0.017863465734735722
1024.0,1.0,6.103515625e-05,0.6085630896048114,0.603073435583885,0.6332257493208625,0.6377090831687919,0.5993176644992295,0.6163778044355162,0.01780450134325266
1024.0,1.0,0.0001220703125,0.6100116329769458,0.6039101282876577,0.6341087700140796,0.6395646715831025,0.6007608624265275,0.6176712130576625,0.01791307751636159
1024.0,1.0,0.000244140625,0.6128692082316656,0.6055487660894733,0.6357395150007142,0.6431539441548406,0.6033768621784841,0.6201376591310355,0.018164235299171116
1024.0,1.0,0.00048828125,0.6184448135381541,0.6099397864326465,0.6394676647677556,0.6492395198914352,0.6086523958944439,0.6251488361048871,0.018260487053366872
1024.0,1.0,0.0009765625,0.6283523973822327,0.6195380548834929,0.6486739789502798,0.6591543908356066,0.6199326688653632,0.6351302981833952,0.01789283546394595
1024.0,1.0,0.001953125,0.6469105399357704,0.6395261583703353,0.6654861509336022,0.680027795269143,0.6406596915820064,0.6545220672181715,0.01764746003785374
1024.0,1.0,0.00390625,0.6767304150952289,0.668748416232125,0.6931903623344404,0.7064816293203504,0.6694100268507336,0.6829121699665758,0.016449122578729995
1024.0,1.0,0.0078125,0.7160809326343868,0.7028293448466755,0.72311974720329,0.7368939304031108,0.7064889224801942,0.7170825755135315,0.013650280052650577
1024.0,1.0,0.015625,0.7647714155843294,0.7447517276376078,0.7542233967006277,0.7765236397599079,0.7574680857126252,0.7595476530790195,0.011906547931533458
1024.0,1.0,0.03125,0.8131657882407215,0.7841300900811361,0.7880650793431594,0.8278014054951441,0.8065292716922116,0.8039383269704745,0.018066763625659177
1024.0,1.0,0.0625,0.838466909003909,0.8034529368069926,0.8057126742556986,0.8559941636484234,0.8388837511196255,0.8285020869669297,0.022965779784970653
1024.0,1.0,0.125,0.8442484509022151,0.80894679731297,0.8096154646132923,0.861506922556988,0.8444556021977461,0.8337546475166423,0.023414465045492293
1024.0,1.0,0.25,0.8448376639923973,0.8103262863715301,0.8098272909028967,0.8619378277590528,0.8447987365635623,0.8343455611178878,0.023231215054861122
1024.0,1.0,0.5,0.8448734673118443,0.8105096102675566,0.8098297912039846,0.8619470865875929,0.8448190258454014,0.8343957962432759,0.023192333809115295
1024.0,1.0,1.0,0.8448739543936798,0.8105135348748955,0.8098297921441295,0.8619470967400604,0.8448193261101345,0.8343967408525799,0.02319141486186088
